Time;Type;Volume;Symbol;Price;Volume;Time;Price;Commission;Swap;Profit
2024.08.21 20:45:50;Sell;0.02;USDJPY;144.983;0.02;2024.08.21 22:30:00;144.922;-0.14;;0.84
2024.08.21 17:00:16;Buy;0.01;USDJPY;146.663;0.01;2024.08.21 21:00:04;144.867;-0.08;;-12.4
2024.08.20 02:03:52;Buy;0.01;USDJPY;146.714;0.01;2024.08.21 06:00:00;145.393;-0.08;0.09;-9.09
2024.08.20 05:56:02;Buy;0.01;GBPJPY;190.73;0.01;2024.08.21 00:27:16;189.053;-0.08;0.11;-11.55
2024.08.20 05:42:49;Buy;0.01;USDJPY;146.858;0.01;2024.08.20 23:24:44;145.217;-0.08;;-11.3
2024.08.20 09:30:23;Buy;0.01;XAUUSD;2505.6;0.01;2024.08.20 19:02:25;2505.53;-0.08;;-0.07
2024.08.19 16:15:12;Buy;0.04;EURJPY;161.685;0.04;2024.08.20 18:51:08;161.703;-0.28;0.22;0.49
2024.08.20 04:06:05;Buy;0.01;XAUUSD;2507.92;0.01;2024.08.20 18:17:04;2507.97;-0.08;;0.05
2024.08.19 19:41:10;Buy;0.01;XAUUSD;2507.52;0.01;2024.08.20 16:00:01;2526.45;-0.08;-0.33;18.93
2024.08.20 11:40:02;Sell;0.02;USDJPY;146.255;0.02;2024.08.20 13:30:01;146.364;-0.14;;-1.49
2024.08.19 08:21:49;Sell;0.01;USDJPY;145.857;0.01;2024.08.20 08:00:01;146.938;-0.08;-0.18;-7.36
2024.08.19 06:07:49;Sell;0.02;EURJPY;162.354;0.02;2024.08.19 20:52:38;162.334;-0.14;;0.27
2024.08.19 09:06:46;Sell;0.01;GBPJPY;188.337;0.01;2024.08.19 17:10:06;190.014;-0.08;;-11.45
2024.08.19 06:07:56;Sell;0.03;USDJPY;147.118;0.03;2024.08.19 08:00:02;146.213;-0.22;;18.57
2024.08.19 02:20:01;Buy;0.03;EURJPY;163.104;0.03;2024.08.19 06:07:56;162.303;-0.22;;-16.33
2024.08.14 23:16:02;Buy;0.01;USDJPY;147.433;0.01;2024.08.19 02:00:02;147.861;-0.08;0.41;2.89
2024.08.15 15:30:03;Buy;0.01;XAUJPY;364356;0.01;2024.08.19 01:30:02;370408;-0.08;-0.06;40.92
2024.08.14 10:58:56;Buy;0.01;XAUJPY;364303;0.01;2024.08.16 22:00:03;369661;-0.08;-0.11;36.28
2024.08.14 15:30:35;Buy;0.01;USDJPY;147.109;0.01;2024.08.16 18:30:03;148.181;-0.08;0.33;7.23
2024.08.16 13:21:02;Buy;0.01;XAUUSD;2467.45;0.01;2024.08.16 17:23:44;2478.04;-0.08;;10.59
2024.08.16 10:48:38;Buy;0.01;XAUUSD;2458.43;0.01;2024.08.16 16:41:44;2494.62;-0.08;;36.19
2024.08.15 15:30:01;Buy;0.02;USDJPY;147.658;0.02;2024.08.16 15:31:17;147.665;-0.14;0.17;0.09
2024.08.15 15:30:01;Buy;0.01;USDJPY;147.661;0.01;2024.08.16 15:31:17;147.667;-0.08;0.08;0.04
2024.08.15 23:30:38;Buy;0.03;EURJPY;163.732;0.03;2024.08.16 14:06:22;162.935;-0.22;0.16;-16.13
2024.08.15 17:47:08;Buy;0.01;XAUUSD;2458.52;0.01;2024.08.16 14:00:03;2464.81;-0.08;-0.33;6.29
2024.08.14 15:30:51;Buy;0.03;EURJPY;162.337;0.03;2024.08.16 13:00:03;163.394;-0.22;0.65;21.33
2024.08.15 04:30:46;Buy;0.02;USDJPY;147.442;0.02;2024.08.16 09:00:03;148.92;-0.14;0.17;19.85
2024.08.15 04:30:49;Buy;0.02;USDJPY;147.449;0.02;2024.08.16 08:00:03;148.862;-0.14;0.17;18.98
2024.08.15 04:53:53;Buy;0.01;USDJPY;147.591;0.01;2024.08.16 08:00:03;148.862;-0.08;0.08;8.54
2024.08.14 09:00:01;Buy;0.01;GBPJPY;189.248;0.01;2024.08.16 04:00:03;191.842;-0.08;0.44;17.39
2024.08.15 04:53:51;Buy;0.02;GBPJPY;189.26;0.02;2024.08.16 03:30:03;191.673;-0.14;0.22;32.38
2024.08.13 22:44:21;Buy;0.02;EURJPY;161.399;0.02;2024.08.15 20:00:00;163.624;-0.14;0.44;29.86
2024.08.15 15:56:55;Sell;0.01;XAUUSD;2444.15;0.01;2024.08.15 18:57:25;2459.08;-0.08;;-14.93
2024.08.14 15:30:57;Buy;0.01;GBPJPY;189.405;0.01;2024.08.15 14:30:00;189.426;-0.08;0.33;0.14
2024.08.14 16:19:53;Sell;0.01;XAUUSD;2458.22;0.01;2024.08.15 09:15:12;2458.04;-0.08;0.62;0.18
2024.08.14 16:19:53;Sell;0.01;XAUUSD;2458.22;0.01;2024.08.15 09:15:12;2458.04;-0.08;0.62;0.18
2024.08.14 10:49:44;Buy;0.01;XAUUSD;2471.51;0.01;2024.08.15 08:00:00;2453.42;-0.08;-0.99;-18.09
2024.08.14 05:16:05;Sell;0.01;EURJPY;160.941;0.01;2024.08.15 05:00:00;162.385;-0.08;-0.45;-9.79
2024.08.13 09:15:09;Buy;0.01;GBPJPY;189.044;0.01;2024.08.15 04:00:00;188.848;-0.08;0.44;-1.33
2024.08.12 15:50:32;Buy;0.01;USDJPY;147.74;0.01;2024.08.14 18:30:01;146.738;-0.08;0.16;-6.83
2024.08.14 11:02:47;Buy;0.01;XAUJPY;364442;0.01;2024.08.14 17:07:00;360521;-0.08;;-26.68
2024.08.14 11:38:02;Buy;0.01;XAUUSD;2473.02;0.01;2024.08.14 16:19:53;2458.22;-0.08;;-14.8
2024.08.14 05:15:37;Sell;0.01;EURJPY;160.991;0.01;2024.08.14 16:06:09;162.561;-0.08;;-10.65
2024.08.13 16:13:56;Sell;0.01;EURJPY;160.862;0.01;2024.08.14 16:00:01;162.302;-0.08;-0.15;-9.77
2024.08.13 16:14:04;Sell;0.01;EURJPY;160.777;0.01;2024.08.14 16:00:01;162.302;-0.08;-0.15;-10.35
2024.08.13 16:43:00;Buy;0.01;XAUUSD;2473.76;0.01;2024.08.14 14:00:01;2475.01;-0.08;-0.33;1.25
2024.08.13 09:16:32;Buy;0.01;GBPJPY;189.118;0.01;2024.08.14 08:00:01;188.851;-0.08;0.11;-1.8199999999999998
2024.08.14 05:11:12;Sell;0.02;USDJPY;146.63;0.02;2024.08.14 07:00:01;146.777;-0.14;;-2
2024.08.12 09:29:12;Buy;0.01;GBPJPY;188.131;0.01;2024.08.14 04:00:01;189.218;-0.08;0.22;7.39
2024.08.12 00:01:01;Buy;0.01;EURJPY;160.36;0.01;2024.08.13 22:00:01;161.328;-0.08;0.05;6.6
2024.08.12 06:35:37;Buy;0.01;USDJPY;147.157;0.01;2024.08.13 18:00:01;146.994;-0.08;0.08;-1.11
2024.08.12 08:09:22;Buy;0.01;XAUJPY;358292;0.01;2024.08.13 17:00:01;363677;-0.08;-0.03;36.61
2024.08.12 08:09:22;Buy;0.01;XAUUSD;2434.63;0.01;2024.08.13 05:00:02;2466.22;-0.08;-0.33;31.59
2024.08.09 02:13:28;Buy;0.01;USDJPY;147.817;0.01;2024.08.13 05:00:02;147.319;-0.08;0.16;-3.38
2024.08.09 11:00:31;Buy;0.01;USDJPY;147.287;0.01;2024.08.12 22:00:02;147.301;-0.08;0.08;0.1
2024.08.09 09:31:40;Buy;0.01;USDJPY;147.15;0.01;2024.08.12 20:00:02;147.34;-0.08;0.08;1.29
2024.08.08 20:19:27;Buy;0.01;EURJPY;160.729;0.01;2024.08.12 18:00:02;161.625;-0.08;0.11;6.06
2024.08.08 17:38:58;Buy;0.01;GBPJPY;187.543;0.01;2024.08.12 12:00:02;188.073;-0.08;0.22;3.6
2024.08.09 13:32:29;Buy;0.01;XAUUSD;2427.22;0.01;2024.08.12 10:00:03;2436.78;-0.08;-0.33;9.56
2024.08.09 02:11:56;Buy;0.01;USDJPY;147.691;0.01;2024.08.12 06:00:03;146.94;-0.08;0.08;-5.11
2024.08.09 02:13:28;Buy;0.01;USDJPY;147.817;0.01;2024.08.12 06:00:03;146.94;-0.08;0.08;-5.97
2024.08.08 15:53:52;Buy;0.01;USDJPY;147.288;0.01;2024.08.12 02:00:03;146.984;-0.08;0.16;-2.07
2024.08.08 15:30:28;Buy;0.01;XAUJPY;353761;0.01;2024.08.12 01:30:03;357385;-0.08;-0.06;24.66
2024.08.08 16:14:24;Buy;0.01;GBPJPY;186.707;0.01;2024.08.09 19:00:01;186.988;-0.08;0.11;1.92
2024.08.08 13:44:05;Buy;0.01;XAUUSD;2403.89;0.01;2024.08.09 10:30:01;2424.33;-0.08;-0.33;20.44
2024.08.08 13:44:05;Buy;0.01;XAUUSD;2403.89;0.01;2024.08.09 10:00:01;2420.57;-0.08;-0.33;16.68
2024.08.07 04:34:08;Buy;0.01;USDJPY;145.286;0.01;2024.08.08 16:00:05;147.057;-0.08;0.25;12.04
2024.08.07 06:26:28;Buy;0.01;XAUJPY;351342;0.01;2024.08.08 15:00:02;352619;-0.08;-0.08;8.74
2024.08.07 04:34:16;Buy;0.01;USDJPY;145.399;0.01;2024.08.08 08:00:02;146.17;-0.08;0.25;5.27
2024.08.07 04:34:39;Buy;0.01;GBPJPY;184.697;0.01;2024.08.08 02:40:08;184.715;-0.08;0.33;0.12
2024.08.07 04:40:04;Buy;0.01;USDJPY;145.891;0.01;2024.08.08 02:31:00;145.914;-0.08;0.25;0.16
2024.08.06 13:10:05;Buy;0.01;XAUUSD;2416.23;0.01;2024.08.07 10:00:03;2394.38;-0.08;-0.33;-21.85
2024.08.06 02:00:47;Buy;0.01;USDJPY;144.895;0.01;2024.08.07 06:00:03;146.822;-0.08;0.09;13.12
2024.08.05 18:57:40;Buy;0.01;USDJPY;143.994;0.01;2024.08.06 22:00:02;145.021;-0.08;0.09;7.08
2024.08.06 13:10:17;Buy;0.01;XAUUSD;2416.39;0.01;2024.08.06 15:31:37;2401.17;-0.08;;-15.22
2024.08.05 15:21:50;Sell;0.01;XAUUSD;2374.77;0.01;2024.08.05 18:13:00;2409.41;-0.08;;-34.64
2024.08.05 15:20:58;Sell;0.01;XAUUSD;2378.13;0.01;2024.08.05 16:16:50;2392.98;-0.08;;-14.85
2024.08.02 15:30:02;Sell;0.01;USDJPY;148.523;0.01;2024.08.05 07:10:45;143.8;-0.08;-0.18;32.84
2024.08.02 15:30:03;Buy;0.01;GBPJPY;190.125;0.01;2024.08.05 01:01:28;187.158;-0.08;0.11;-20.29
2024.08.01 20:15:10;Sell;0.01;GBPJPY;190.902;0.01;2024.08.02 20:30:02;187.807;-0.08;-0.24;21.08
2024.08.01 14:51:46;Buy;0.01;XAUJPY;367670;0.01;2024.08.02 15:34:38;363866;-0.08;-0.03;-25.85
2024.08.02 14:22:51;Buy;0.02;EURJPY;161.355;0.02;2024.08.02 15:33:06;160.202;-0.14;;-15.63
2024.08.02 09:00:10;Sell;0.02;USDJPY;148.827;0.02;2024.08.02 11:00:02;149.229;-0.14;;-5.39
2024.08.01 04:00:51;Sell;0.01;USDJPY;149.349;0.01;2024.08.02 04:00:03;149.423;-0.08;-0.17;-0.5
2024.08.01 14:14:22;Buy;0.02;EURJPY;162.304;0.02;2024.08.01 23:55:06;161.099;-0.14;;-16.14
2024.08.01 17:00:01;Buy;0.01;XAUUSD;2458.45;0.01;2024.08.01 17:22:48;2446.6;-0.08;;-11.85
2024.07.31 09:59:56;Sell;0.01;EURJPY;164.801;0.01;2024.08.01 04:20:44;161.329;-0.08;-0.44;23.3
2024.07.31 20:44:48;Buy;0.02;EURJPY;163.063;0.02;2024.08.01 03:00:35;161.98;-0.14;0.32;-14.47
2024.07.31 02:46:04;Sell;0.01;USDJPY;152.417;0.01;2024.08.01 02:00:03;150.18;-0.08;-0.52;14.9
2024.07.30 19:58:32;Buy;0.01;XAUUSD;2400.11;0.01;2024.07.31 16:30:00;2420.24;-0.08;-0.33;20.13
2024.07.30 19:32:30;Sell;0.01;GBPJPY;196.788;0.01;2024.07.31 16:00:00;193.148;-0.08;-0.23;24.21
2024.07.30 19:58:32;Buy;0.01;XAUUSD;2400.11;0.01;2024.07.31 16:00:00;2420.5;-0.08;-0.33;20.39
2024.07.30 18:04:18;Sell;0.01;EURJPY;166.298;0.01;2024.07.31 10:54:39;163.108;-0.08;-0.14;21.17
2024.07.30 19:31:31;Sell;0.01;GBPJPY;196.806;0.01;2024.07.31 05:12:02;196.807;-0.08;-0.23;-0.01
2024.07.30 04:06:36;Sell;0.01;EURJPY;166.44;0.01;2024.07.31 04:00:00;164.875;-0.08;-0.14;10.27
2024.07.30 04:22:52;Buy;0.01;USDJPY;154.211;0.01;2024.07.31 01:15:16;152.43;-0.08;0.08;-11.68
2024.07.30 04:22:35;Buy;0.01;USDJPY;154.196;0.01;2024.07.31 01:03:28;152.539;-0.08;0.08;-10.86
2024.07.29 16:58:04;Buy;0.01;USDJPY;154.192;0.01;2024.07.31 01:03:28;152.539;-0.08;0.16;-10.84
2024.07.30 07:42:19;Buy;0.01;USDJPY;154.386;0.01;2024.07.31 00:59:25;152.605;-0.08;0.08;-11.67
2024.07.30 00:47:56;Buy;0.01;GBPJPY;198.232;0.01;2024.07.31 00:59:02;195.87;-0.08;0.11;-15.46
2024.07.30 04:22:42;Buy;0.01;GBPJPY;198.163;0.01;2024.07.30 20:25:24;196.389;-0.08;;-11.59
2024.07.29 20:57:14;Buy;0.02;EURJPY;166.742;0.02;2024.07.30 19:36:20;165.689;-0.14;0.1;-13.74
2024.07.30 04:22:52;Buy;0.02;EURJPY;166.816;0.02;2024.07.30 19:32:30;165.767;-0.14;;-13.68
2024.07.30 09:15:45;Buy;0.01;XAUJPY;369845;0.01;2024.07.30 18:49:44;366531;-0.08;;-21.56
2024.07.26 11:23:46;Buy;0.02;USDJPY;154.225;0.02;2024.07.30 14:00:01;154.736;-0.14;0.32;6.6
2024.07.26 10:13:57;Buy;0.01;USDJPY;153.854;0.01;2024.07.29 22:00:01;153.987;-0.08;0.08;0.86
2024.07.26 17:18:56;Sell;0.02;EURJPY;166.704;0.02;2024.07.29 16:00:01;166.454;-0.14;-0.29;3.25
2024.07.26 11:30:49;Buy;0.01;USDJPY;154.338;0.01;2024.07.29 15:00:01;153.845;-0.08;0.08;-3.2
2024.07.26 10:35:40;Buy;0.01;USDJPY;154.145;0.01;2024.07.29 14:00:02;153.681;-0.08;0.08;-3.02
2024.07.26 10:34:51;Buy;0.01;GBPJPY;198.27;0.01;2024.07.29 14:00:02;197.399;-0.08;0.11;-5.67
2024.07.26 10:35:10;Buy;0.01;GBPJPY;198.351;0.01;2024.07.29 13:00:02;197.271;-0.08;0.11;-7.03
2024.07.25 15:16:58;Buy;0.03;EURJPY;165.707;0.03;2024.07.29 13:00:02;166.574;-0.22;0.32;16.92
2024.07.26 10:35:06;Buy;0.03;EURJPY;167.289;0.03;2024.07.29 09:33:32;166.307;-0.22;0.16;-19.23
2024.07.29 03:05:32;Buy;0.03;EURJPY;167.493;0.03;2024.07.29 05:18:27;166.507;-0.22;;-19.31
2024.07.26 11:30:50;Buy;0.02;GBPJPY;198.622;0.02;2024.07.26 17:19:04;197.091;-0.14;;-19.98
2024.07.25 04:26:59;Sell;0.01;XAUUSD;2387.09;0.01;2024.07.26 08:00:00;2369.91;-0.08;0.21;17.18
2024.07.25 03:32:14;Sell;0.01;USDJPY;153.088;0.01;2024.07.26 02:00:00;153.903;-0.08;-0.17;-5.3
2024.07.23 20:07:11;Sell;0.02;USDJPY;155.687;0.02;2024.07.24 20:00:01;153.474;-0.14;-0.33;28.84
2024.07.23 11:41:09;Buy;0.01;XAUUSD;2403.33;0.01;2024.07.24 08:30:01;2414.35;-0.08;-0.33;11.02
2024.07.23 10:34:02;Sell;0.02;GBPJPY;201.892;0.02;2024.07.24 08:00:01;199.264;-0.14;-0.46;34
2024.07.23 06:51:24;Sell;0.02;EURJPY;170.188;0.02;2024.07.24 04:10:45;168.681;-0.14;-0.28;19.38
2024.07.22 09:10:34;Sell;0.01;GBPJPY;202.203;0.01;2024.07.23 09:30:02;202.25;-0.08;-0.23;-0.3
2024.07.23 06:24:29;Sell;0.03;USDJPY;156.426;0.03;2024.07.23 08:00:02;156.307;-0.22;;2.2800000000000002
2024.07.22 08:24:15;Sell;0.03;EURJPY;171.039;0.03;2024.07.23 08:00:02;170.235;-0.22;-0.42;15.43
2024.07.22 09:03:50;Sell;0.02;GBPJPY;202.46;0.02;2024.07.23 06:00:02;202.516;-0.14;-0.46;-0.71
2024.07.19 16:06:26;Sell;0.01;XAUUSD;2397.45;0.01;2024.07.22 13:30:03;2405.23;-0.08;0.21;-7.78
2024.07.22 08:24:08;Sell;0.03;USDJPY;157.195;0.03;2024.07.22 10:00:03;156.447;-0.22;;14.34
2024.07.18 18:01:07;Buy;0.03;EURJPY;171.164;0.03;2024.07.22 09:41:02;170.251;-0.22;0.3;-17.51
2024.07.19 08:01:18;Buy;0.02;GBPJPY;203.971;0.02;2024.07.22 09:10:17;202.253;-0.14;0.21;-21.94
2024.07.19 08:01:18;Buy;0.02;GBPJPY;203.997;0.02;2024.07.22 09:09:57;202.285;-0.14;0.21;-21.86
2024.07.19 14:59:53;Buy;0.04;EURJPY;171.539;0.04;2024.07.22 09:01:45;170.84;-0.28;0.21;-17.81
2024.07.19 08:00:11;Buy;0.02;GBPJPY;203.849;0.02;2024.07.22 07:00:03;203.478;-0.14;0.21;-4.71
2024.07.18 18:01:00;Buy;0.01;USDJPY;156.799;0.01;2024.07.19 22:00:01;157.489;-0.08;0.08;4.38
2024.07.18 18:01:03;Buy;0.01;GBPJPY;203.504;0.01;2024.07.19 21:00:01;203.34;-0.08;0.1;-1.04
2024.07.18 16:57:42;Buy;0.01;USDJPY;156.588;0.01;2024.07.19 20:00:01;157.415;-0.08;0.08;5.25
2024.07.18 10:08:45;Buy;0.01;XAUUSD;2475;0.01;2024.07.19 03:03:45;2433.48;-0.08;-0.33;-41.52
2024.07.17 21:58:59;Sell;0.01;USDJPY;156.102;0.01;2024.07.18 20:00:02;157.15;-0.08;-0.5;-6.67
2024.07.17 19:36:44;Sell;0.01;GBPJPY;203.388;0.01;2024.07.18 16:00:02;203.097;-0.08;-0.69;1.8599999999999999
2024.07.17 10:22:44;Sell;0.02;GBPJPY;204.57;0.02;2024.07.18 10:30:02;202.886;-0.14;-1.38;21.57
2024.07.17 04:10:18;Buy;0.01;USDJPY;158.573;0.01;2024.07.17 11:07:52;156.78;-0.08;;-11.44
2024.07.16 03:54:27;Buy;0.02;USDJPY;158.376;0.02;2024.07.17 11:02:39;156.941;-0.14;0.16;-18.29
2024.07.16 15:52:45;Buy;0.02;USDJPY;158.845;0.02;2024.07.17 10:28:30;157.279;-0.14;0.16;-19.91
2024.07.16 04:01:40;Buy;0.04;EURJPY;172.559;0.04;2024.07.17 10:12:21;171.783;-0.28;0.2;-19.7
2024.07.17 07:41:24;Sell;0.03;USDJPY;158.24;0.03;2024.07.17 09:30:03;157.944;-0.22;;5.62
2024.07.17 04:10:18;Buy;0.04;EURJPY;172.809;0.04;2024.07.17 09:00:56;172.031;-0.28;;-19.72
2024.07.16 02:48:45;Buy;0.01;GBPJPY;205.216;0.01;2024.07.17 01:30:03;205.465;-0.08;0.1;1.5699999999999998
2024.07.15 19:41:44;Sell;0.02;EURJPY;171.905;0.02;2024.07.16 19:30:04;172.586;-0.14;-0.28;-8.59
2024.07.15 19:41:42;Sell;0.02;EURJPY;172.062;0.02;2024.07.16 18:00:00;172.533;-0.14;-0.28;-5.9399999999999995
2024.07.15 14:03:20;Buy;0.01;XAUUSD;2415.95;0.01;2024.07.16 12:00:00;2436.61;-0.08;-0.33;20.66
2024.07.15 14:10:43;Buy;0.02;XAUUSD;2417.93;0.02;2024.07.16 11:00:00;2437.12;-0.14;-0.66;38.38
2024.07.15 13:02:42;Buy;0.04;EURJPY;172.441;0.04;2024.07.15 19:42:04;171.616;-0.28;;-20.99
2024.07.12 20:50:30;Buy;0.01;XAUUSD;2417.83;0.01;2024.07.15 18:00:01;2431.73;-0.08;-0.33;13.9
2024.07.12 17:12:30;Sell;0.02;EURJPY;171.799;0.02;2024.07.15 17:00:01;172.398;-0.14;-0.28;-7.59
2024.07.12 16:08:18;Sell;0.03;EURJPY;172.31;0.03;2024.07.15 16:00:01;172.305;-0.22;-0.42;0.09
2024.07.12 16:09:03;Sell;0.03;USDJPY;157.994;0.03;2024.07.12 18:00:02;157.737;-0.22;;4.89
2024.07.12 01:01:12;Buy;0.02;USDJPY;158.975;0.02;2024.07.12 16:12:53;157.561;-0.14;;-17.95
2024.07.12 12:05:20;Buy;0.05;EURJPY;173.28;0.05;2024.07.12 15:29:55;172.615;-0.36;;-20.97
2024.07.12 02:32:16;Buy;0.02;USDJPY;159.271;0.02;2024.07.12 03:03:47;158.005;-0.14;;-16.02
2024.07.12 02:32:16;Buy;0.02;GBPJPY;205.681;0.02;2024.07.12 02:47:40;204.206;-0.14;;-18.66
2024.07.12 01:04:37;Buy;0.09;EURJPY;172.975;0.09;2024.07.12 02:28:11;172.416;-0.64;;-31.71
2024.07.11 15:59:13;Sell;0.03;GBPJPY;204.971;0.03;2024.07.12 02:10:53;205.859;-0.22;-0.68;-16.71
2024.07.11 15:43:06;Sell;0.03;GBPJPY;205.855;0.03;2024.07.12 02:05:40;205.732;-0.22;-0.68;2.32
2024.07.11 09:08:33;Buy;0.02;XAUUSD;2383.27;0.02;2024.07.11 16:42:04;2396.06;-0.14;;25.58
2024.07.11 05:46:37;Buy;0.01;XAUUSD;2377.92;0.01;2024.07.11 15:45:20;2408.6;-0.08;;30.68
2024.07.11 15:42:10;Sell;0.06;USDJPY;160.306;0.06;2024.07.11 15:42:59;159.456;-0.42;;31.98
2024.07.11 05:58:52;Buy;0.03;GBPJPY;207.899;0.03;2024.07.11 15:42:54;206.687;-0.22;;-22.76
2024.07.11 15:30:00;Buy;0.03;GBPJPY;208.21;0.03;2024.07.11 15:42:29;207.041;-0.22;;-21.91
2024.07.10 16:46:13;Buy;0.08;EURJPY;174.9;0.08;2024.07.11 15:42:16;174.431;-0.56;1.2;-23.43
2024.07.09 15:37:08;Buy;0.04;USDJPY;161.105;0.04;2024.07.11 15:30:04;161.012;-0.28;1.23;-2.31
2024.07.09 14:08:16;Buy;0.04;USDJPY;161.106;0.04;2024.07.11 15:30:04;161.012;-0.28;1.23;-2.34
2024.07.09 18:22:12;Buy;0.02;GBPJPY;206.509;0.02;2024.07.11 14:00:03;208.025;-0.14;0.8;18.77
2024.07.09 17:20:23;Buy;0.02;GBPJPY;206.509;0.02;2024.07.11 12:00:03;207.988;-0.14;0.8;18.31
2024.07.10 04:08:52;Buy;0.04;USDJPY;161.52;0.04;2024.07.11 08:00:03;161.691;-0.28;0.92;4.23
2024.07.10 03:48:00;Buy;0.04;GBPJPY;206.491;0.04;2024.07.11 02:30:03;207.693;-0.28;1.2;29.75
2024.07.10 04:18:38;Buy;0.01;XAUUSD;2367.42;0.01;2024.07.11 02:00:03;2372.82;-0.08;-0.99;5.4
2024.07.10 04:18:43;Buy;0.02;XAUUSD;2367.83;0.02;2024.07.11 01:14:03;2371.77;-0.14;-1.97;7.88
2024.07.09 16:51:50;Buy;0.01;XAUUSD;2367.5;0.01;2024.07.10 14:00:00;2372.55;-0.08;-0.33;5.05
2024.07.05 15:32:20;Buy;0.01;XAUJPY;381143;0.01;2024.07.10 02:00:04;381474;-0.08;-0.09;2.05
2024.07.05 18:32:54;Sell;0.05;EURJPY;173.961;0.05;2024.07.09 20:00:00;174.39;-0.36;-1.3599999999999999;-13.3
2024.07.05 06:10:01;Sell;0.03;EURJPY;173.965;0.03;2024.07.09 20:00:00;174.39;-0.22;-0.82;-7.9
2024.07.08 10:45:52;Buy;0.03;GBPJPY;206.175;0.03;2024.07.09 19:00:00;206.34;-0.22;0.3;3.07
2024.07.05 15:30:36;Sell;0.02;USDJPY;160.52;0.02;2024.07.09 18:13:10;161.448;-0.14;-0.64;-11.5
2024.07.09 16:52:59;Buy;0.02;XAUUSD;2367.78;0.02;2024.07.09 17:05:07;2359.27;-0.14;;-17.02
2024.07.05 15:32:06;Buy;0.02;XAUJPY;380546;0.02;2024.07.08 18:33:06;380563;-0.14;-0.05;0.21
2024.07.08 04:32:26;Sell;0.06;USDJPY;160.523;0.06;2024.07.08 11:53:16;161.072;-0.42;;-20.45
2024.07.05 06:20:36;Sell;0.03;EURJPY;173.828;0.03;2024.07.08 11:47:41;174.59;-0.22;-0.41;-14.2
2024.07.05 15:30:05;Buy;0.02;USDJPY;161.093;0.02;2024.07.08 05:16:33;160.284;-0.14;0.16;-10.09
2024.07.05 16:54:53;Buy;0.05;EURJPY;174.467;0.05;2024.07.05 18:20:06;174.036;-0.36;;-13.4
2024.07.05 06:10:01;Sell;0.02;GBPJPY;205.256;0.02;2024.07.05 15:37:41;206.031;-0.14;;-9.62
2024.07.05 15:30:06;Buy;0.08;EURJPY;174.104;0.08;2024.07.05 15:30:38;173.783;-0.56;;-16.01
2024.07.05 00:02:59;Buy;0.02;USDJPY;161.347;0.02;2024.07.05 15:30:37;160.502;-0.14;;-10.53
2024.07.05 05:07:48;Buy;0.01;XAUUSD;2360.45;0.01;2024.07.05 15:30:06;2348.98;-0.08;;-11.47
2024.07.05 13:57:41;Balance;;;;;;;;;982
2024.07.05 03:32:44;Sell;0.04;USDJPY;160.989;0.04;2024.07.05 05:30:02;160.953;-0.28;;0.89
2024.07.03 06:32:57;Buy;0.08;EURJPY;173.695;0.08;2024.07.05 04:00:02;174.203;-0.56;1.6;25.23
2024.07.03 07:33:03;Buy;0.01;XAUJPY;377310;0.01;2024.07.04 16:30:02;379921;-0.08;-0.08;16.2
2024.07.03 04:18:31;Buy;0.03;USDJPY;161.59;0.03;2024.07.04 16:00:02;161.144;-0.22;0.69;-8.3
2024.07.04 11:39:54;Balance;;;;;;;;;-1000
2024.07.02 14:15:36;Buy;0.02;GBPJPY;204.437;0.02;2024.07.04 10:00:03;205.727;-0.14;0.8;15.99
2024.07.01 14:16:11;Buy;0.01;XAUJPY;376152;0.01;2024.07.04 02:00:03;381201;-0.08;-0.14;31.24
2024.07.03 17:00:07;Sell;0.06;USDJPY;161.432;0.06;2024.07.03 18:27:32;161.413;-0.42;;0.71
2024.07.03 04:41:23;Buy;0.04;USDJPY;161.63;0.04;2024.07.03 17:13:12;160.805;-0.28;;-20.52
2024.07.03 08:08:06;Buy;0.04;USDJPY;161.746;0.04;2024.07.03 17:12:36;160.895;-0.28;;-21.16
2024.07.03 07:41:33;Buy;0.04;USDJPY;161.715;0.04;2024.07.03 17:12:31;160.959;-0.28;;-18.79
2024.07.02 14:04:28;Buy;0.04;GBPJPY;204.421;0.04;2024.07.03 17:00:08;205.991;-0.28;0.4;38.89
2024.07.02 16:42:53;Buy;0.01;XAUUSD;2333.5;0.01;2024.07.03 14:00:03;2346.89;-0.08;-0.33;13.39
2024.07.01 15:58:42;Buy;0.07;EURJPY;173.414;0.07;2024.07.03 13:00:03;174.083;-0.5;0.7;28.93
2024.07.02 09:06:13;Buy;0.03;GBPJPY;204.379;0.03;2024.07.03 12:00:03;205.473;-0.22;0.3;20.28
2024.07.01 03:52:46;Buy;0.04;USDJPY;161.18;0.04;2024.07.03 06:30:04;161.637;-0.28;0.62;11.31
2024.07.01 07:13:55;Buy;0.07;EURJPY;173.22;0.07;2024.07.03 05:00:00;173.622;-0.5;0.7;17.41
2024.07.01 13:00:59;Buy;0.01;XAUJPY;375058;0.01;2024.07.02 22:00:03;375976;-0.08;-0.03;5.68
2024.07.01 15:19:58;Buy;0.04;USDJPY;161.189;0.04;2024.07.02 19:00:04;161.534;-0.28;0.31;8.54
2024.07.01 15:43:45;Buy;0.03;GBPJPY;204.326;0.03;2024.07.02 18:00:04;204.633;-0.22;0.3;5.7
2024.06.28 23:36:27;Buy;0.02;GBPJPY;203.481;0.02;2024.07.02 18:00:04;204.632;-0.14;0.4;14.26
2024.07.02 16:49:34;Buy;0.02;XAUUSD;2334.06;0.02;2024.07.02 17:09:57;2325.52;-0.14;;-17.08
2024.07.01 17:22:30;Sell;0.01;XAUUSD;2321.61;0.01;2024.07.02 14:30:04;2324.33;-0.08;0.21;-2.7199999999999998
2024.07.01 03:17:18;Buy;0.03;USDJPY;161.03;0.03;2024.07.02 14:00:04;161.61;-0.22;0.23;10.77
2024.07.01 14:25:51;Buy;0.01;XAUUSD;2335.92;0.01;2024.07.02 12:00:00;2331.23;-0.08;-0.33;-4.6899999999999995
2024.07.01 03:16:09;Buy;0.03;USDJPY;160.964;0.03;2024.07.02 07:00:00;161.663;-0.22;0.23;12.97
2024.06.28 03:51:53;Buy;0.04;USDJPY;160.829;0.04;2024.07.02 06:30:00;161.669;-0.28;0.62;20.78
2024.07.01 00:08:01;Buy;0.03;GBPJPY;203.684;0.03;2024.07.02 03:00:00;204.235;-0.22;0.3;10.23
2024.07.01 00:07:49;Buy;0.04;GBPJPY;203.672;0.04;2024.07.01 23:00:00;204.171;-0.28;;12.36
2024.07.01 14:25:51;Buy;0.02;XAUUSD;2335.92;0.02;2024.07.01 16:08:31;2327.09;-0.14;;-17.66
2024.06.28 03:55:00;Buy;0.03;GBPJPY;203.426;0.03;2024.07.01 06:00:01;203.718;-0.22;0.3;5.44
2024.06.28 03:59:26;Buy;0.03;GBPJPY;203.477;0.03;2024.07.01 06:00:01;203.717;-0.22;0.3;4.47
2024.06.27 10:19:37;Buy;0.02;GBPJPY;202.959;0.02;2024.07.01 06:00:00;203.716;-0.14;0.4;9.41
2024.06.27 10:18:28;Buy;0.06;EURJPY;171.641;0.06;2024.07.01 03:52:24;173.188;-0.42;0.6;57.59
2024.06.27 18:55:23;Buy;0.03;USDJPY;160.723;0.03;2024.06.28 22:00:02;160.807;-0.22;0.23;1.5699999999999998
2024.06.27 12:56:33;Buy;0.01;XAUJPY;371358;0.01;2024.06.28 21:30:02;373962;-0.08;-0.03;16.2
2024.06.28 16:26:37;Sell;0.05;USDJPY;160.314;0.05;2024.06.28 18:00:02;160.824;-0.36;;-15.86
2024.06.28 11:22:26;Buy;0.01;XAUUSD;2329.05;0.01;2024.06.28 16:33:03;2329.23;-0.08;;0.18
2024.06.28 11:22:26;Buy;0.02;XAUUSD;2329.05;0.02;2024.06.28 16:33:03;2329.23;-0.14;;0.36
2024.06.28 03:52:56;Buy;0.06;EURJPY;172.166;0.06;2024.06.28 16:13:56;171.683;-0.42;;-18.07
2024.06.26 10:21:20;Buy;0.04;USDJPY;159.91;0.04;2024.06.28 13:00:02;160.693;-0.28;1.24;19.49
2024.06.27 09:58:40;Buy;0.03;GBPJPY;202.836;0.03;2024.06.28 12:00:02;203.314;-0.22;0.3;8.91
2024.06.26 03:23:48;Buy;0.03;USDJPY;159.758;0.03;2024.06.27 07:00:03;160.431;-0.22;0.7;12.58
2024.06.25 18:34:04;Buy;0.03;USDJPY;159.757;0.03;2024.06.26 22:00:00;160.703;-0.22;0.23;17.66
2024.06.25 16:35:10;Sell;0.01;XAUUSD;2320.6;0.01;2024.06.26 20:00:00;2299.83;-0.08;0.21;20.77
2024.06.26 16:05:40;Sell;0.04;EURJPY;170.922;0.04;2024.06.26 17:37:03;171.671;-0.28;;-18.65
2024.06.26 10:17:15;Sell;0.04;EURJPY;170.876;0.04;2024.06.26 17:22:36;171.623;-0.28;;-18.6
2024.06.25 18:31:57;Sell;0.01;XAUUSD;2317.24;0.01;2024.06.26 15:26:46;2317.22;-0.08;0.21;0.02
2024.06.25 16:25:06;Buy;0.03;GBPJPY;202.554;0.03;2024.06.26 15:00:00;202.942;-0.22;0.3;7.26
2024.06.25 13:08:16;Buy;0.01;XAUUSD;2335.07;0.01;2024.06.26 10:00:00;2317.2;-0.08;-0.33;-17.87
2024.06.24 17:51:44;Buy;0.03;USDJPY;159.71;0.03;2024.06.26 04:00:00;159.72;-0.22;0.46;0.19
2024.06.21 20:10:57;Buy;0.05;EURJPY;170.563;0.05;2024.06.25 18:00:01;170.874;-0.36;0.5;9.74
2024.06.25 13:08:16;Buy;0.02;XAUUSD;2335.07;0.02;2024.06.25 15:32:19;2325.73;-0.14;;-18.68
2024.06.24 16:43:16;Buy;0.04;GBPJPY;202.265;0.04;2024.06.25 15:30:01;202.247;-0.28;0.41;-0.45
2024.06.24 17:04:05;Buy;0.06;EURJPY;171.296;0.06;2024.06.25 14:40:01;170.788;-0.42;0.3;-19.11
2024.06.21 17:24:00;Buy;0.02;GBPJPY;201.367;0.02;2024.06.25 12:00:01;202.554;-0.14;0.4;14.89
2024.06.21 18:17:19;Sell;0.01;XAUUSD;2326.08;0.01;2024.06.24 22:00:02;2333.87;-0.08;0.21;-7.79
2024.06.21 17:14:56;Buy;0.05;EURJPY;170.274;0.05;2024.06.24 13:07:04;170.287;-0.36;0.25;0.41
2024.06.21 17:18:15;Buy;0.02;GBPJPY;201.328;0.02;2024.06.24 13:07:01;201.298;-0.14;0.2;-0.38
2024.06.21 16:45:03;Buy;0.03;USDJPY;159.104;0.03;2024.06.24 13:06:54;159.119;-0.22;0.23;0.28
2024.06.21 09:00:01;Buy;0.03;GBPJPY;201.45;0.03;2024.06.24 13:00:02;202.261;-0.22;0.3;15.24
2024.06.21 09:00:01;Buy;0.03;GBPJPY;201.45;0.03;2024.06.24 12:00:02;202.253;-0.22;0.3;15.08
2024.06.21 09:00:01;Buy;0.02;GBPJPY;201.45;0.02;2024.06.24 12:00:02;202.255;-0.14;0.2;10.08
2024.06.21 18:17:19;Sell;0.01;XAUUSD;2326.08;0.01;2024.06.24 04:46:17;2325.96;-0.08;0.21;0.12
2024.06.21 10:30:21;Sell;0.03;EURJPY;169.673;0.03;2024.06.21 21:17:13;170.68;-0.22;;-18.93
2024.06.21 10:35:44;Sell;0.03;GBPJPY;200.733;0.03;2024.06.21 20:56:16;201.714;-0.22;;-18.44
2024.06.21 11:01:23;Buy;0.02;XAUUSD;2364.64;0.02;2024.06.21 16:25:30;2356.14;-0.14;;-17
2024.06.20 17:05:08;Buy;0.03;GBPJPY;201.333;0.03;2024.06.21 16:00:03;201.026;-0.22;0.31;-5.79
2024.06.20 08:00:04;Buy;0.03;USDJPY;158.157;0.03;2024.06.21 12:00:04;158.831;-0.22;0.24;12.73
2024.06.21 03:57:59;Buy;0.04;EURJPY;170.337;0.04;2024.06.21 10:30:26;169.645;-0.28;;-17.42
2024.06.21 08:58:28;Buy;0.05;EURJPY;170.366;0.05;2024.06.21 10:30:03;169.653;-0.36;;-22.44
2024.06.19 22:01:22;Buy;0.02;USDJPY;158.048;0.02;2024.06.21 10:00:04;158.974;-0.14;0.63;11.65
2024.06.20 01:00:23;Buy;0.01;XAUJPY;368259;0.01;2024.06.21 03:30:46;375734;-0.08;-0.03;47.02
2024.06.19 23:23:24;Buy;0.02;GBPJPY;201.087;0.02;2024.06.20 22:00:00;201.211;-0.14;0.61;1.56
2024.06.18 09:28:32;Buy;0.03;USDJPY;157.906;0.03;2024.06.20 12:00:00;158.439;-0.22;0.95;10.09
2024.06.20 04:04:09;Buy;0.01;XAUUSD;2332.63;0.01;2024.06.20 11:31:00;2332.81;-0.08;;0.18
2024.06.20 04:04:13;Buy;0.02;XAUUSD;2334.1;0.02;2024.06.20 11:14:12;2334.15;-0.14;;0.1
2024.06.19 10:05:12;Buy;0.02;XAUUSD;2331.94;0.02;2024.06.20 09:30:00;2344.49;-0.14;-1.97;25.1
2024.06.18 09:21:44;Buy;0.04;EURJPY;169.389;0.04;2024.06.20 07:00:00;169.807;-0.28;0.81;10.58
2024.06.18 15:30:03;Buy;0.01;XAUJPY;366789;0.01;2024.06.20 04:00:01;368184;-0.08;-0.11;8.83
2024.06.18 16:38:47;Buy;0.02;GBPJPY;200.491;0.02;2024.06.19 15:30:01;201.009;-0.14;0.21;6.5600000000000005
2024.06.18 16:52:42;Buy;0.01;XAUUSD;2324.57;0.01;2024.06.19 13:30:01;2328.7;-0.08;-0.33;4.13
2024.06.14 20:19:12;Buy;0.05;EURJPY;168.403;0.05;2024.06.18 18:00:02;169.633;-0.36;0.52;38.93
2024.06.17 11:30:34;Buy;0.03;USDJPY;157.661;0.03;2024.06.18 15:00:02;158.073;-0.22;0.24;7.82
2024.06.17 11:10:13;Buy;0.02;GBPJPY;199.864;0.02;2024.06.18 10:00:02;200.635;-0.14;0.21;9.76
2024.06.17 01:33:44;Buy;0.02;USDJPY;157.531;0.02;2024.06.18 05:00:02;157.586;-0.14;0.16;0.7
2024.06.14 11:44:49;Sell;0.03;EURJPY;168.369;0.03;2024.06.17 11:30:03;168.84;-0.22;-0.42;-8.96
2024.06.14 08:35:10;Buy;0.01;XAUJPY;364903;0.01;2024.06.17 09:00:33;364914;-0.08;-0.03;0.07
2024.06.14 13:01:08;Buy;0.01;XAUUSD;2323.72;0.01;2024.06.17 04:01:28;2323.89;-0.08;-0.33;0.17
2024.06.14 13:01:08;Buy;0.01;XAUUSD;2323.72;0.01;2024.06.17 04:01:28;2323.89;-0.08;-0.33;0.17
2024.06.14 12:37:44;Sell;0.03;GBPJPY;199.71;0.03;2024.06.14 16:01:47;199.703;-0.22;;0.13
2024.06.13 05:52:54;Buy;0.02;GBPJPY;200.769;0.02;2024.06.14 12:41:45;199.29;-0.14;0.21;-18.85
2024.06.14 06:30:39;Buy;0.02;GBPJPY;201.294;0.02;2024.06.14 12:34:15;199.918;-0.14;;-17.49
2024.06.14 04:18:08;Buy;0.03;USDJPY;157.275;0.03;2024.06.14 11:09:54;157.279;-0.22;;0.08
2024.06.13 10:37:49;Buy;0.02;USDJPY;157.263;0.02;2024.06.14 11:09:54;157.279;-0.14;0.16;0.2
2024.06.14 04:18:44;Buy;0.03;USDJPY;157.291;0.03;2024.06.14 11:09:53;157.307;-0.22;;0.31
2024.06.14 04:18:44;Buy;0.02;USDJPY;157.291;0.02;2024.06.14 11:09:53;157.307;-0.14;;0.2
2024.06.14 06:30:39;Buy;0.04;GBPJPY;201.294;0.04;2024.06.14 11:04:51;200.542;-0.28;;-19.09
2024.06.13 19:26:08;Sell;0.03;EURJPY;168.378;0.03;2024.06.14 06:23:54;169.314;-0.22;-0.42;-17.82
2024.06.13 19:05:37;Sell;0.03;GBPJPY;199.892;0.03;2024.06.14 06:07:00;200.873;-0.22;-0.68;-18.69
2024.06.12 23:09:06;Buy;0.04;GBPJPY;200.774;0.04;2024.06.13 18:50:59;200.03;-0.28;1.24;-18.98
2024.06.13 05:52:54;Buy;0.04;GBPJPY;200.769;0.04;2024.06.13 18:50:42;200.047;-0.28;;-18.42
2024.06.13 15:37:09;Buy;0.01;XAUJPY;364575;0.01;2024.06.13 18:45:47;361377;-0.08;;-20.39
2024.06.12 20:59:59;Buy;0.05;EURJPY;169.192;0.05;2024.06.13 17:33:56;169.21;-0.36;0.77;0.57
2024.06.11 18:01:22;Buy;0.04;EURJPY;168.776;0.04;2024.06.13 16:00:01;169.492;-0.28;0.83;18.24
2024.06.12 08:29:21;Buy;0.03;GBPJPY;200.351;0.03;2024.06.13 07:00:01;200.735;-0.22;0.93;7.34
2024.06.11 16:53:42;Buy;0.02;USDJPY;157.146;0.02;2024.06.13 04:00:01;156.796;-0.14;0.64;-4.46
2024.06.11 15:19:53;Buy;0.01;XAUJPY;363384;0.01;2024.06.13 01:14:06;363885;-0.08;-0.11;3.2
2024.06.12 15:30:06;Sell;0.03;USDJPY;156.736;0.03;2024.06.12 17:30:02;155.83;-0.22;;17.44
2024.06.10 19:20:20;Buy;0.04;EURJPY;168.826;0.04;2024.06.12 17:00:02;168.825;-0.28;0.42;-0.03
2024.06.10 19:26:59;Buy;0.04;EURJPY;168.846;0.04;2024.06.12 17:00:02;168.825;-0.28;0.42;-0.54
2024.06.11 03:09:17;Buy;0.02;USDJPY;157.17;0.02;2024.06.12 16:29:42;155.806;-0.14;0.16;-17.51
2024.06.11 19:26:23;Buy;0.02;USDJPY;157.404;0.02;2024.06.12 15:55:16;156.18;-0.14;0.16;-15.67
2024.06.11 15:31:14;Sell;0.02;EURJPY;168.384;0.02;2024.06.12 14:00:02;169.276;-0.14;-0.28;-11.34
2024.06.11 15:17:52;Buy;0.01;XAUUSD;2313.21;0.01;2024.06.12 12:00:02;2312.78;-0.08;-0.33;-0.43
2024.06.11 15:17:52;Buy;0.01;XAUUSD;2313.21;0.01;2024.06.12 12:00:02;2312.78;-0.08;-0.33;-0.43
2024.06.10 15:43:14;Buy;0.01;GBPJPY;199.802;0.01;2024.06.12 10:00:02;200.347;-0.08;0.2;3.4699999999999998
2024.06.11 03:30:24;Buy;0.02;USDJPY;157.194;0.02;2024.06.12 07:00:02;157.183;-0.14;0.16;-0.14
2024.06.07 15:30:34;Buy;0.02;USDJPY;156.378;0.02;2024.06.11 18:30:03;157.288;-0.14;0.32;11.57
2024.06.07 15:51:27;Buy;0.01;GBPJPY;199.73;0.01;2024.06.11 10:00:03;200.057;-0.08;0.2;2.08
2024.06.10 02:26:20;Sell;0.02;EURJPY;169.003;0.02;2024.06.11 02:00:03;169.061;-0.14;-0.28;-0.74
2024.06.07 15:30:15;Buy;0.02;USDJPY;156.132;0.02;2024.06.11 02:00:03;157.046;-0.14;0.32;11.64
2024.06.07 15:31:27;Buy;0.02;USDJPY;156.494;0.02;2024.06.10 19:00:04;156.944;-0.14;0.16;5.73
2024.06.07 18:31:39;Sell;0.02;EURJPY;169.169;0.02;2024.06.10 18:00:04;168.418;-0.14;-0.28;9.57
2024.06.07 15:30:38;Sell;0.01;XAUUSD;2316.96;0.01;2024.06.10 18:00:04;2303.24;-0.08;0.21;13.72
2024.06.10 06:15:39;Buy;0.04;EURJPY;169.177;0.04;2024.06.10 13:03:52;168.464;-0.28;;-18.19
2024.06.07 15:30:38;Sell;0.01;XAUUSD;2316.96;0.01;2024.06.10 13:00:00;2295.51;-0.08;0.21;21.45
2024.06.07 08:51:44;Sell;0.02;EURJPY;169.375;0.02;2024.06.10 08:00:00;168.977;-0.14;-0.28;5.07
2024.06.07 04:06:26;Buy;0.02;USDJPY;155.874;0.02;2024.06.10 08:00:00;157.122;-0.14;0.16;15.89
2024.06.07 07:40:13;Sell;0.02;EURJPY;169.453;0.02;2024.06.10 06:00:00;169.034;-0.14;-0.28;5.34
2024.06.06 09:21:33;Buy;0.01;GBPJPY;199.686;0.01;2024.06.10 04:00:00;199.558;-0.08;0.2;-0.82
2024.06.06 22:40:25;Sell;0.02;EURJPY;169.373;0.02;2024.06.07 22:00:00;169.257;-0.14;-0.28;1.48
2024.06.06 16:13:09;Buy;0.02;USDJPY;156.388;0.02;2024.06.07 20:00:00;156.665;-0.14;0.16;3.54
2024.06.06 09:35:30;Buy;0.01;USDJPY;156.172;0.01;2024.06.07 20:00:00;156.665;-0.08;0.08;3.15
2024.06.06 05:57:48;Buy;0.01;XAUJPY;369379;0.01;2024.06.07 12:12:50;363823;-0.08;-0.03;-35.77
2024.06.07 03:52:05;Sell;0.02;GBPJPY;199.014;0.02;2024.06.07 11:01:03;198.993;-0.14;;0.27
2024.06.06 11:02:51;Buy;0.02;USDJPY;156.334;0.02;2024.06.07 10:32:17;155.124;-0.14;0.16;-15.6
2024.06.07 08:53:08;Sell;0.03;USDJPY;155.471;0.03;2024.06.07 09:52:35;155.452;-0.22;;0.37
2024.06.06 18:28:11;Buy;0.01;XAUUSD;2374.34;0.01;2024.06.07 09:19:48;2374.47;-0.08;-0.33;0.13
2024.06.07 06:04:50;Buy;0.02;XAUUSD;2378.61;0.02;2024.06.07 08:48:09;2378.73;-0.14;;0.24
2024.06.06 09:21:33;Buy;0.02;GBPJPY;199.686;0.02;2024.06.07 08:00:00;198.994;-0.14;0.21;-8.9
2024.06.05 18:01:04;Buy;0.01;XAUJPY;367686;0.01;2024.06.07 04:00:00;370531;-0.08;-0.11;18.26
2024.06.05 03:13:14;Buy;0.06;EURJPY;169.053;0.06;2024.06.07 01:00:01;169.459;-0.42;1.24;15.65
2024.06.05 02:35:35;Buy;0.06;EURJPY;168.695;0.06;2024.06.06 16:12:55;170.19;-0.42;0.93;57.36
2024.06.05 18:00:49;Buy;0.02;XAUUSD;2351.86;0.02;2024.06.06 15:00:02;2359.82;-0.14;-1.97;15.92
2024.06.06 04:11:10;Buy;0.01;XAUUSD;2361.17;0.01;2024.06.06 11:17:48;2361.34;-0.08;;0.17
2024.06.05 16:05:35;Buy;0.04;EURJPY;169.944;0.04;2024.06.06 04:01:45;169.292;-0.28;0.62;-16.77
2024.06.05 17:15:37;Buy;0.03;USDJPY;156.472;0.03;2024.06.06 03:51:23;155.629;-0.22;0.72;-16.25
2024.06.05 17:15:27;Buy;0.04;EURJPY;169.998;0.04;2024.06.06 03:49:11;169.343;-0.28;0.62;-16.83
2024.06.04 10:08:14;Sell;0.03;GBPJPY;199.205;0.03;2024.06.05 08:00:02;198.749;-0.22;-0.69;8.79
2024.06.04 20:48:27;Sell;0.03;USDJPY;154.552;0.03;2024.06.05 06:00:21;155.562;-0.22;-0.5;-19.48
2024.06.04 17:14:14;Sell;0.01;XAUUSD;2321.33;0.01;2024.06.05 06:00:18;2333.7;-0.08;0.21;-12.37
2024.06.03 18:07:55;Sell;0.03;USDJPY;156.133;0.03;2024.06.04 17:00:03;154.608;-0.22;-0.5;29.59
2024.06.04 10:55:11;Sell;0.04;GBPJPY;198.785;0.04;2024.06.04 13:38:23;197.468;-0.28;;34.02
2024.06.04 10:03:07;Sell;0.03;EURJPY;169.792;0.03;2024.06.04 13:29:42;168.302;-0.22;;28.86
2024.06.04 10:03:07;Sell;0.04;EURJPY;169.792;0.04;2024.06.04 12:20:38;168.701;-0.28;;28.13
2024.06.03 21:26:56;Buy;0.07;EURJPY;170.176;0.07;2024.06.04 10:05:08;169.767;-0.5;0.36;-18.37
2024.06.03 20:07:20;Buy;0.01;XAUUSD;2354.83;0.01;2024.06.04 04:43:26;2344.4;-0.08;-0.33;-10.43
2024.06.03 14:00:31;Sell;0.01;XAUUSD;2330.84;0.01;2024.06.03 17:39:13;2343.28;-0.08;;-12.44
2024.06.03 14:30:44;Sell;0.07;USDJPY;156.643;0.07;2024.06.03 16:30:03;156.691;-0.5;;-2.14
2024.06.03 06:50:55;Buy;0.04;USDJPY;157.337;0.04;2024.06.03 14:05:23;156.686;-0.28;;-16.62
2024.05.31 11:13:35;Buy;0.03;GBPJPY;199.805;0.03;2024.06.03 14:00:03;199.25;-0.22;0.31;-10.62
2024.05.31 22:36:33;Buy;0.05;USDJPY;157.338;0.05;2024.06.03 13:58:32;156.781;-0.36;0.4;-17.76
2024.05.31 10:01:23;Buy;0.05;USDJPY;156.998;0.05;2024.06.03 11:45:03;157.016;-0.36;0.4;0.57
2024.05.31 11:12:23;Buy;0.02;GBPJPY;199.762;0.02;2024.06.03 10:59:04;199.782;-0.14;0.21;0.25
2024.06.03 06:51:47;Buy;0.07;EURJPY;170.766;0.07;2024.06.03 10:57:42;170.358;-0.5;;-18.17
2024.06.03 00:03:05;Buy;0.08;EURJPY;170.746;0.08;2024.06.03 10:56:33;170.38;-0.56;;-18.63
2024.05.31 20:27:33;Sell;0.01;XAUUSD;2325.05;0.01;2024.06.03 10:03:01;2324.95;-0.08;0.21;0.1
2024.05.31 11:14:29;Buy;0.05;GBPJPY;199.834;0.05;2024.06.03 10:00:00;200.247;-0.36;0.52;13.13
2024.05.31 18:14:04;Sell;0.01;XAUUSD;2330.72;0.01;2024.05.31 23:39:16;2330.64;-0.08;;0.08
2024.05.31 15:32:32;Buy;0.01;XAUUSD;2348.69;0.01;2024.05.31 17:12:36;2340.29;-0.08;;-8.4
2024.05.30 16:07:12;Sell;0.05;USDJPY;156.534;0.05;2024.05.31 10:32:21;157.085;-0.36;-0.83;-17.54
2024.05.31 05:07:10;Sell;0.07;USDJPY;156.581;0.07;2024.05.31 07:00:03;156.806;-0.5;;-10.04
2024.05.30 21:27:23;Buy;0.08;EURJPY;169.95;0.08;2024.05.31 04:42:11;169.609;-0.56;0.41;-17.41
2024.05.30 05:43:02;Sell;0.01;XAUUSD;2328.41;0.01;2024.05.30 15:35:52;2344.14;-0.08;;-15.73
2024.05.30 09:00:51;Sell;0.03;GBPJPY;198.992;0.03;2024.05.30 11:04:48;199.587;-0.22;;-11.37
2024.05.30 06:15:24;Sell;0.04;GBPJPY;199.674;0.04;2024.05.30 10:52:13;199.474;-0.28;;5.1
2024.05.30 08:23:35;Sell;0.09;USDJPY;157.091;0.09;2024.05.30 10:00:00;156.745;-0.64;;19.87
2024.05.29 12:13:21;Sell;0.01;XAUUSD;2341.58;0.01;2024.05.30 09:30:00;2328.3;-0.08;0.62;13.28
2024.05.28 08:56:22;Buy;0.02;GBPJPY;200.406;0.02;2024.05.30 04:00:00;199.754;-0.14;0.83;-8.29
2024.05.29 16:46:10;Buy;0.06;USDJPY;157.381;0.06;2024.05.30 03:55:26;157.396;-0.42;1.42;0.57
2024.05.29 17:43:29;Buy;0.06;USDJPY;157.408;0.06;2024.05.30 03:23:01;157.418;-0.42;1.42;0.38
2024.05.29 03:23:02;Buy;0.03;GBPJPY;200.712;0.03;2024.05.30 03:12:49;199.887;-0.22;0.92;-15.71
2024.05.28 16:16:01;Buy;0.01;XAUJPY;369794;0.01;2024.05.30 02:00:00;368511;-0.08;-0.11;-8.14
2024.05.28 17:26:41;Buy;0.03;GBPJPY;200.598;0.03;2024.05.29 20:00:00;200.521;-0.22;0.31;-1.46
2024.05.27 19:20:08;Buy;0.08;EURJPY;170.413;0.08;2024.05.29 17:00:00;170.535;-0.56;0.82;6.2
2024.05.28 16:15:31;Buy;0.01;XAUUSD;2357.54;0.01;2024.05.29 11:54:36;2345.72;-0.08;-0.33;-11.82
2024.05.28 11:35:06;Buy;0.06;USDJPY;156.952;0.06;2024.05.29 09:09:02;156.972;-0.42;0.48;0.76
2024.05.27 23:58:49;Buy;0.05;USDJPY;156.955;0.05;2024.05.29 09:09:01;156.972;-0.36;0.8;0.54
2024.05.28 19:53:27;Buy;0.06;USDJPY;156.996;0.06;2024.05.29 09:09:00;157.003;-0.42;0.48;0.27
2024.05.27 10:19:00;Buy;0.02;GBPJPY;199.945;0.02;2024.05.29 06:00:01;200.532;-0.14;0.42;7.46
2024.05.28 15:24:48;Buy;0.01;XAUUSD;2355.03;0.01;2024.05.29 05:53:55;2355.22;-0.08;-0.33;0.19
2024.05.27 15:19:49;Buy;0.01;XAUJPY;368366;0.01;2024.05.29 03:30:01;371260;-0.08;-0.06;18.39
2024.05.27 23:58:49;Buy;0.05;USDJPY;156.958;0.05;2024.05.29 03:00:01;157.274;-0.36;0.8;10.05
2024.05.28 03:55:04;Buy;0.04;GBPJPY;200.415;0.04;2024.05.29 02:30:01;200.624;-0.28;0.41;5.32
2024.05.24 15:30:00;Buy;0.04;USDJPY;157.112;0.04;2024.05.28 18:30:01;156.935;-0.28;0.64;-4.51
2024.05.27 15:07:13;Sell;0.05;EURJPY;170.043;0.05;2024.05.28 09:29:38;170.633;-0.36;-0.7;-18.81
2024.05.24 13:13:42;Buy;0.02;GBPJPY;199.647;0.02;2024.05.28 08:00:01;200.161;-0.14;0.42;6.5600000000000005
2024.05.28 05:43:20;Sell;0.07;USDJPY;156.691;0.07;2024.05.28 07:30:01;156.694;-0.5;;-0.13
2024.05.27 05:51:18;Buy;0.01;XAUUSD;2344.77;0.01;2024.05.28 05:00:01;2354.71;-0.08;-0.33;9.94
2024.05.27 01:34:23;Buy;0.04;GBPJPY;199.997;0.04;2024.05.28 00:40:02;200.312;-0.28;0.41;8.03
2024.05.23 16:45:02;Buy;0.03;USDJPY;156.99;0.03;2024.05.27 19:30:02;156.912;-0.22;0.48;-1.49
2024.05.23 17:09:04;Buy;0.02;GBPJPY;199.81;0.02;2024.05.24 20:00:02;199.785;-0.14;0.21;-0.32
2024.05.23 16:22:52;Buy;0.03;GBPJPY;199.691;0.03;2024.05.24 15:00:03;199.685;-0.22;0.31;-0.11
2024.05.23 11:16:32;Buy;0.02;GBPJPY;199.676;0.02;2024.05.24 14:00:03;199.68;-0.14;0.21;0.05
2024.05.22 11:28:22;Buy;0.02;USDJPY;156.496;0.02;2024.05.24 14:00:03;156.973;-0.14;0.64;6.08
2024.05.23 10:53:48;Buy;0.04;GBPJPY;199.538;0.04;2024.05.24 09:30:03;199.354;-0.28;0.41;-4.6899999999999995
2024.05.23 04:04:46;Buy;0.03;USDJPY;156.842;0.03;2024.05.24 08:00:03;157.081;-0.22;0.24;4.5600000000000005
2024.05.23 04:26:28;Sell;0.01;XAUUSD;2371.84;0.01;2024.05.24 08:00:03;2334.72;-0.08;0.21;37.12
2024.05.22 09:00:01;Buy;0.01;GBPJPY;199.008;0.01;2024.05.24 04:00:03;199.334;-0.08;0.41;2.08
2024.05.23 04:26:28;Sell;0.01;XAUUSD;2371.84;0.01;2024.05.24 01:30:03;2332.11;-0.08;0.21;39.73
2024.05.22 02:19:40;Buy;0.05;EURJPY;169.675;0.05;2024.05.24 00:40:03;169.713;-0.36;1.03;1.21
2024.05.23 15:37:19;Buy;0.07;EURJPY;170.005;0.07;2024.05.23 21:04:35;169.606;-0.5;;-17.8
2024.05.22 04:00:43;Buy;0.02;USDJPY;156.334;0.02;2024.05.23 16:00:03;156.76;-0.14;0.48;5.44
2024.05.23 10:15:00;Sell;0.04;EURJPY;169.381;0.04;2024.05.23 16:00:00;170.138;-0.28;;-19.32
2024.05.23 10:15:00;Sell;0.04;EURJPY;169.381;0.04;2024.05.23 16:00:00;170.133;-0.28;;-19.19
2024.05.22 03:57:01;Buy;0.02;GBPJPY;198.701;0.02;2024.05.23 06:00:00;199.438;-0.14;0.62;9.4
2024.05.22 03:56:11;Buy;0.02;GBPJPY;198.695;0.02;2024.05.23 06:00:00;199.438;-0.14;0.62;9.48
2024.05.21 15:06:41;Buy;0.02;USDJPY;156.331;0.02;2024.05.23 02:00:00;156.741;-0.14;0.64;5.23
2024.05.20 15:21:47;Buy;0.02;USDJPY;155.914;0.02;2024.05.22 18:00:00;156.523;-0.14;0.32;7.78
2024.05.20 15:36:21;Buy;0.04;EURJPY;169.461;0.04;2024.05.22 13:00:00;169.638;-0.28;0.42;4.53
2024.05.20 15:36:21;Buy;0.05;EURJPY;169.461;0.05;2024.05.22 13:00:00;169.637;-0.36;0.52;5.63
2024.05.20 04:00:05;Buy;0.02;USDJPY;155.921;0.02;2024.05.22 07:00:00;156.313;-0.14;0.32;5.02
2024.05.21 02:32:02;Buy;0.02;GBPJPY;198.742;0.02;2024.05.22 05:00:01;198.72;-0.14;0.21;-0.28
2024.05.21 02:32:02;Buy;0.02;GBPJPY;198.742;0.02;2024.05.22 05:00:01;198.722;-0.14;0.21;-0.26
2024.05.20 21:43:05;Buy;0.02;USDJPY;156.231;0.02;2024.05.22 01:00:01;156.161;-0.14;0.32;-0.9
2024.05.20 21:43:05;Buy;0.02;USDJPY;156.231;0.02;2024.05.22 01:00:01;156.161;-0.14;0.32;-0.9
2024.05.20 15:23:34;Buy;0.02;GBPJPY;197.982;0.02;2024.05.21 18:00:01;198.408;-0.14;0.21;5.46
2024.05.20 15:23:34;Buy;0.01;GBPJPY;197.982;0.01;2024.05.21 18:00:01;198.408;-0.08;0.1;2.73
2024.05.16 15:37:19;Buy;0.04;EURJPY;168.407;0.04;2024.05.20 13:00:02;169.239;-0.28;0.42;21.37
2024.05.17 16:00:58;Buy;0.01;XAUUSD;2395.09;0.01;2024.05.20 13:00:00;2441.65;-0.08;-0.33;46.56
2024.05.16 15:37:19;Buy;0.05;EURJPY;168.407;0.05;2024.05.20 13:00:00;169.243;-0.36;0.52;26.84
2024.05.17 03:30:56;Buy;0.02;USDJPY;155.538;0.02;2024.05.20 07:00:00;155.725;-0.14;0.16;2.4
2024.05.17 03:30:56;Buy;0.02;USDJPY;155.538;0.02;2024.05.20 07:00:00;155.725;-0.14;0.16;2.4
2024.05.15 18:21:12;Buy;0.01;XAUJPY;369889;0.01;2024.05.20 06:00:00;379261;-0.08;-0.14;60.15
2024.05.17 16:00:58;Buy;0.01;XAUUSD;2395.09;0.01;2024.05.20 04:00:32;2431.83;-0.08;-0.33;36.74
2024.05.16 02:02:31;Buy;0.01;XAUJPY;369462;0.01;2024.05.17 11:00:01;371473;-0.08;-0.03;12.91
2024.05.15 15:30:09;Buy;0.01;XAUUSD;2375.26;0.01;2024.05.16 12:00:01;2386.09;-0.08;-0.99;10.83
2024.05.16 02:36:18;Sell;0.02;GBPJPY;195.719;0.02;2024.05.16 11:25:55;196.121;-0.14;;-5.2
2024.05.15 18:31:50;Sell;0.02;USDJPY;154.754;0.02;2024.05.16 11:25:17;154.734;-0.14;-1;0.26
2024.05.14 15:20:48;Buy;0.01;GBPJPY;196.486;0.01;2024.05.16 10:00:01;195.702;-0.08;0.41;-5.08
2024.05.16 02:36:33;Sell;0.02;GBPJPY;195.698;0.02;2024.05.16 05:17:55;195.69;-0.14;;0.1
2024.05.15 15:30:09;Buy;0.01;XAUUSD;2375.26;0.01;2024.05.15 16:22:40;2365.68;-0.08;;-9.58
2024.05.15 15:30:02;Sell;0.04;USDJPY;155.294;0.04;2024.05.15 15:35:33;155.277;-0.28;;0.44
2024.05.15 05:06:09;Buy;0.03;GBPJPY;196.995;0.03;2024.05.15 11:49:20;196.186;-0.22;;-15.59
2024.05.14 15:30:02;Buy;0.03;USDJPY;156.689;0.03;2024.05.15 11:31:11;155.809;-0.22;0.24;-16.94
2024.05.13 18:00:17;Buy;0.03;USDJPY;155.94;0.03;2024.05.15 11:21:04;155.961;-0.22;0.48;0.4
2024.05.14 03:52:43;Buy;0.02;GBPJPY;196.37;0.02;2024.05.15 06:00:02;197.068;-0.14;0.21;8.92
2024.05.14 03:52:43;Buy;0.01;GBPJPY;196.37;0.01;2024.05.15 06:00:00;197.061;-0.08;0.1;4.42
2024.05.13 03:22:01;Buy;0.01;USDJPY;155.938;0.01;2024.05.15 06:00:00;156.461;-0.08;0.16;3.34
2024.05.13 03:17:25;Buy;0.04;EURJPY;167.958;0.04;2024.05.15 01:00:00;169.214;-0.28;0.42;32.12
2024.05.13 03:17:25;Buy;0.04;EURJPY;167.958;0.04;2024.05.15 01:00:00;169.215;-0.28;0.42;32.14
2024.05.13 08:14:26;Buy;0.02;USDJPY;155.823;0.02;2024.05.14 20:00:00;156.48;-0.14;0.16;8.4
2024.05.10 04:02:02;Buy;0.01;XAUJPY;365564;0.01;2024.05.14 16:00:01;367734;-0.08;-0.06;13.86
2024.05.13 09:08:33;Buy;0.01;GBPJPY;195.352;0.01;2024.05.14 12:00:01;196.013;-0.08;0.1;4.22
2024.05.13 09:08:33;Buy;0.02;GBPJPY;195.352;0.02;2024.05.14 12:00:01;196.013;-0.14;0.21;8.45
2024.05.13 09:01:18;Buy;0.02;GBPJPY;195.324;0.02;2024.05.14 08:00:01;196.359;-0.14;0.21;13.23
2024.05.13 03:16:44;Buy;0.02;USDJPY;155.908;0.02;2024.05.14 07:00:01;156.42;-0.14;0.16;6.55
2024.05.13 03:16:44;Buy;0.02;USDJPY;155.908;0.02;2024.05.14 07:00:01;156.42;-0.14;0.16;6.55
2024.05.13 04:10:31;Sell;0.02;EURJPY;167.751;0.02;2024.05.13 18:08:02;168.547;-0.14;;-10.2
2024.05.10 05:25:25;Buy;0.01;USDJPY;155.748;0.01;2024.05.13 16:00:01;155.758;-0.08;0.08;0.06
2024.05.10 17:00:01;Buy;0.02;GBPJPY;195.186;0.02;2024.05.13 16:00:00;195.566;-0.14;0.21;4.88
2024.05.10 09:00:01;Buy;0.02;GBPJPY;195.214;0.02;2024.05.13 12:00:00;195.362;-0.14;0.21;1.9
2024.05.10 09:00:01;Buy;0.01;GBPJPY;195.223;0.01;2024.05.13 12:00:00;195.362;-0.08;0.1;0.89
2024.05.09 03:56:58;Buy;0.01;USDJPY;155.642;0.01;2024.05.13 06:30:00;155.794;-0.08;0.16;0.98
2024.05.09 07:03:31;Buy;0.03;EURJPY;167.258;0.03;2024.05.13 05:00:00;167.821;-0.22;0.32;10.84
2024.05.09 07:03:31;Buy;0.02;EURJPY;167.258;0.02;2024.05.13 05:00:00;167.818;-0.14;0.2;7.19
2024.05.09 19:54:01;Buy;0.02;GBPJPY;194.815;0.02;2024.05.10 18:30:00;195.075;-0.14;0.21;3.34
2024.05.09 12:41:35;Buy;0.01;GBPJPY;194.6;0.01;2024.05.10 15:00:01;195.099;-0.08;0.1;3.2
2024.05.09 12:41:35;Buy;0.01;GBPJPY;194.6;0.01;2024.05.10 15:00:01;195.097;-0.08;0.1;3.19
2024.05.09 09:08:28;Buy;0.01;USDJPY;155.698;0.01;2024.05.10 13:00:01;155.714;-0.08;0.08;0.1
2024.05.09 09:08:28;Buy;0.01;USDJPY;155.698;0.01;2024.05.10 13:00:01;155.714;-0.08;0.08;0.1
2024.05.09 15:22:53;Buy;0.01;XAUUSD;2318.54;0.01;2024.05.10 12:00:01;2369.95;-0.08;-0.33;51.41
2024.05.09 09:08:28;Buy;0.02;GBPJPY;194.481;0.02;2024.05.10 08:00:01;194.824;-0.14;0.21;4.41
2024.05.08 12:13:53;Buy;0.01;GBPJPY;194.029;0.01;2024.05.10 08:00:01;194.824;-0.08;0.41;5.11
2024.05.08 05:54:15;Buy;0.01;XAUJPY;359437;0.01;2024.05.09 14:30:01;360573;-0.08;-0.08;7.29
2024.05.08 09:17:06;Buy;0.01;GBPJPY;193.91;0.01;2024.05.09 08:00:02;194.328;-0.08;0.31;2.69
2024.05.07 20:17:40;Buy;0.01;USDJPY;154.653;0.01;2024.05.09 00:40:01;155.481;-0.08;0.32;5.33
2024.05.07 20:17:40;Buy;0.01;USDJPY;154.653;0.01;2024.05.09 00:40:01;155.478;-0.08;0.32;5.31
2024.05.08 18:37:14;Buy;0.01;XAUUSD;2319.68;0.01;2024.05.08 23:15:16;2307.97;-0.08;;-11.71
2024.05.06 18:20:55;Buy;0.01;USDJPY;153.988;0.01;2024.05.08 21:00:00;155.549;-0.08;0.16;10.04
2024.05.07 02:07:08;Buy;0.01;GBPJPY;193.61;0.01;2024.05.08 01:00:00;193.394;-0.08;0.1;-1.4
2024.05.06 00:01:50;Buy;0.01;EURJPY;164.821;0.01;2024.05.07 22:00:01;166.358;-0.08;0.05;9.93
2024.05.06 00:01:50;Buy;0.01;EURJPY;164.821;0.01;2024.05.07 22:00:01;166.358;-0.08;0.05;9.93
2024.05.06 15:45:09;Buy;0.01;XAUUSD;2325.4;0.01;2024.05.07 12:00:01;2315.7;-0.08;-0.33;-9.7
2024.05.06 15:45:09;Buy;0.01;XAUUSD;2325.4;0.01;2024.05.07 11:14:23;2312.59;-0.08;-0.33;-12.81
2024.05.06 02:33:42;Buy;0.01;USDJPY;153.306;0.01;2024.05.07 06:00:01;154.546;-0.08;0.08;8.02
2024.05.06 02:33:42;Buy;0.01;USDJPY;153.306;0.01;2024.05.07 06:00:01;154.546;-0.08;0.08;8.02
2024.05.06 01:27:53;Buy;0.01;USDJPY;153.078;0.01;2024.05.07 05:00:03;154.366;-0.08;0.08;8.34
2024.05.06 01:27:53;Buy;0.01;USDJPY;153.078;0.01;2024.05.07 05:00:01;154.365;-0.08;0.08;8.34
2024.05.06 02:33:41;Buy;0.01;GBPJPY;192.372;0.01;2024.05.07 05:00:01;193.834;-0.08;0.11;9.47
2024.05.06 02:33:41;Buy;0.01;GBPJPY;192.372;0.01;2024.05.07 05:00:01;193.834;-0.08;0.11;9.47
2024.05.06 02:33:56;Buy;0.01;GBPJPY;192.461;0.01;2024.05.07 01:30:01;193.33;-0.08;0.11;5.65
2024.05.03 15:30:44;Sell;0.01;USDJPY;152.296;0.01;2024.05.06 14:00:02;153.813;-0.08;-0.17;-9.86
2024.05.03 16:33:59;Sell;0.01;XAUUSD;2283.15;0.01;2024.05.06 10:39:40;2320.73;-0.08;0.21;-37.58
2024.05.03 02:37:38;Sell;0.01;GBPJPY;191.761;0.01;2024.05.06 00:40:02;191.978;-0.08;-0.23;-1.42
2024.05.03 16:33:59;Sell;0.01;XAUUSD;2283.12;0.01;2024.05.03 17:00:02;2298.57;-0.08;;-15.45
2024.05.01 23:35:20;Sell;0.01;GBPJPY;193.656;0.01;2024.05.02 20:00:01;192.492;-0.08;-0.7;7.57
2024.05.01 23:29:57;Sell;0.01;GBPJPY;194.219;0.01;2024.05.02 01:01:12;194.201;-0.08;-0.7;0.12
2024.05.01 23:28:21;Sell;0.01;USDJPY;155.172;0.01;2024.05.02 01:00:02;154.277;-0.08;-0.5;5.8
2024.05.01 18:20:19;Buy;0.01;USDJPY;157.731;0.01;2024.05.01 23:27:34;155.203;-0.08;;-16.29
2024.05.01 10:32:45;Buy;0.01;GBPJPY;197.201;0.01;2024.05.01 23:16:47;194.818;-0.08;;-15.29
2024.05.01 22:01:10;Buy;0.01;EURJPY;168.648;0.01;2024.05.01 23:12:38;167.509;-0.08;;-7.26
2024.05.01 22:01:10;Buy;0.02;EURJPY;168.648;0.02;2024.05.01 23:12:38;167.509;-0.14;;-14.51
2024.04.30 16:05:06;Buy;0.01;GBPJPY;197.28;0.01;2024.05.01 19:00:02;196.855;-0.08;0.1;-2.7
2024.04.30 16:05:06;Buy;0.01;GBPJPY;197.28;0.01;2024.05.01 19:00:02;196.857;-0.08;0.1;-2.68
2024.04.30 08:30:05;Sell;0.01;XAUUSD;2323.02;0.01;2024.05.01 12:00:02;2286.24;-0.08;0.21;36.78
2024.04.30 04:52:24;Buy;0.01;USDJPY;156.913;0.01;2024.05.01 08:00:04;157.867;-0.08;0.08;6.04
2024.04.30 04:52:24;Buy;0.01;USDJPY;156.917;0.01;2024.05.01 08:00:02;157.865;-0.08;0.08;6.01
2024.04.30 03:54:39;Buy;0.01;GBPJPY;196.932;0.01;2024.05.01 06:00:02;197.08;-0.08;0.1;0.94
2024.04.30 03:54:39;Buy;0.01;GBPJPY;196.932;0.01;2024.05.01 06:00:02;197.08;-0.08;0.1;0.94
2024.04.30 03:38:34;Buy;0.01;GBPJPY;196.713;0.01;2024.05.01 02:30:02;196.999;-0.08;0.1;1.81
2024.04.29 10:35:09;Sell;0.05;USDJPY;154.621;0.05;2024.04.29 10:38:43;155.017;-0.36;;-12.77
2024.04.29 04:35:30;Buy;0.01;XAUJPY;370960;0.01;2024.04.29 07:35:18;364165;-0.08;;-43.52
2024.04.26 19:02:01;Buy;0.01;GBPJPY;196.749;0.01;2024.04.29 04:35:29;199.7;-0.08;0.1;18.5
2024.04.26 19:02:01;Buy;0.01;GBPJPY;196.749;0.01;2024.04.29 04:35:29;199.702;-0.08;0.1;18.51
2024.04.26 18:53:31;Buy;0.03;EURJPY;168.361;0.03;2024.04.29 04:35:17;170.083;-0.22;0.15;32.53
2024.04.26 18:53:31;Buy;0.03;EURJPY;168.361;0.03;2024.04.29 04:35:17;170.083;-0.22;0.15;32.53
2024.04.26 06:30:24;Buy;0.01;GBPJPY;194.959;0.01;2024.04.26 23:36:00;197.916;-0.08;;18.66
2024.04.26 06:30:24;Buy;0.01;GBPJPY;194.959;0.01;2024.04.26 23:36:00;197.916;-0.08;;18.66
2024.04.25 09:51:59;Buy;0.01;XAUJPY;361585;0.01;2024.04.26 18:30:00;367382;-0.08;-0.03;36.83
2024.04.26 15:30:06;Buy;0.04;EURJPY;168.398;0.04;2024.04.26 17:20:24;167.802;-0.28;;-15.2
2024.04.26 15:30:05;Buy;0.03;EURJPY;168.398;0.03;2024.04.26 17:20:24;167.802;-0.22;;-11.4
2024.04.25 14:16:49;Buy;0.01;XAUUSD;2329.99;0.01;2024.04.26 12:00:00;2347.07;-0.08;-0.33;17.08
2024.04.25 20:29:58;Buy;0.03;EURJPY;167.02;0.03;2024.04.26 11:01:29;167.019;-0.22;0.16;-0.02
2024.04.25 20:29:58;Buy;0.03;EURJPY;167.02;0.03;2024.04.26 11:01:29;167.019;-0.22;0.16;-0.02
2024.04.26 06:24:34;Buy;0.01;GBPJPY;194.927;0.01;2024.04.26 11:01:24;194.947;-0.08;;0.13
2024.04.26 06:23:31;Buy;0.03;USDJPY;155.694;0.03;2024.04.26 10:07:21;156.634;-0.22;;18
2024.04.26 06:23:31;Buy;0.03;USDJPY;155.695;0.03;2024.04.26 10:07:21;156.634;-0.22;;17.98
2024.04.26 04:08:44;Buy;0.03;USDJPY;155.66;0.03;2024.04.26 10:07:08;156.601;-0.22;;18.03
2024.04.26 04:08:44;Buy;0.03;USDJPY;155.66;0.03;2024.04.26 10:07:08;156.601;-0.22;;18.03
2024.04.24 15:14:21;Buy;0.01;GBPJPY;192.873;0.01;2024.04.26 10:00:00;195.652;-0.08;0.41;17.77
2024.04.24 07:00:23;Buy;0.03;USDJPY;154.858;0.03;2024.04.26 09:57:51;156.347;-0.22;0.96;28.57
2024.04.24 20:08:56;Buy;0.03;EURJPY;165.884;0.03;2024.04.26 07:32:06;167.454;-0.22;0.63;30.16
2024.04.24 20:08:56;Buy;0.03;EURJPY;165.884;0.03;2024.04.26 07:32:06;167.454;-0.22;0.63;30.16
2024.04.24 17:39:12;Buy;0.01;XAUJPY;360868;0.01;2024.04.26 03:30:00;362605;-0.08;-0.11;11.16
2024.04.24 20:28:52;Buy;0.03;USDJPY;155.178;0.03;2024.04.26 00:40:00;155.555;-0.22;0.96;7.27
2024.04.24 20:28:52;Buy;0.02;USDJPY;155.178;0.02;2024.04.26 00:40:00;155.555;-0.14;0.64;4.85
2024.04.25 15:30:12;Buy;0.01;XAUUSD;2331.4;0.01;2024.04.25 16:15:15;2318.84;-0.08;;-12.56
2024.04.23 16:55:21;Buy;0.03;EURJPY;165.61;0.03;2024.04.25 14:00:03;166.818;-0.22;0.63;23.3
2024.04.24 17:39:53;Buy;0.01;XAUUSD;2326.91;0.01;2024.04.25 14:00:02;2328.1;-0.08;-0.99;1.19
2024.04.23 16:55:21;Buy;0.03;EURJPY;165.61;0.03;2024.04.25 14:00:02;166.823;-0.22;0.63;23.39
2024.04.23 10:30:06;Buy;0.02;USDJPY;154.847;0.02;2024.04.25 13:30:02;155.604;-0.14;0.64;9.73
2024.04.24 17:50:16;Buy;0.01;XAUUSD;2328.91;0.01;2024.04.24 23:31:44;2314.98;-0.08;;-13.93
2024.04.23 16:36:02;Buy;0.02;USDJPY;154.868;0.02;2024.04.24 20:00:02;155.115;-0.14;0.16;3.18
2024.04.23 16:36:02;Buy;0.02;USDJPY;154.868;0.02;2024.04.24 20:00:02;155.115;-0.14;0.16;3.18
2024.04.22 20:59:50;Buy;0.02;EURJPY;164.993;0.02;2024.04.24 18:00:03;165.657;-0.14;0.2;8.57
2024.04.22 20:59:49;Buy;0.02;EURJPY;164.993;0.02;2024.04.24 18:00:02;165.656;-0.14;0.2;8.56
2024.04.24 09:02:37;Buy;0.01;XAUUSD;2330.41;0.01;2024.04.24 11:45:10;2316.45;-0.08;;-13.96
2024.04.23 10:30:00;Buy;0.01;GBPJPY;191.398;0.01;2024.04.24 09:30:00;192.792;-0.08;0.1;9
2024.04.22 01:00:27;Buy;0.02;USDJPY;154.662;0.02;2024.04.24 04:00:00;154.797;-0.14;0.32;1.74
2024.04.22 14:14:38;Sell;0.01;GBPJPY;190.595;0.01;2024.04.23 14:30:00;191.76;-0.08;-0.23;-7.53
2024.04.22 08:39:52;Buy;0.01;USDJPY;154.735;0.01;2024.04.23 12:00:03;154.848;-0.08;0.08;0.73
2024.04.22 09:43:49;Sell;0.01;XAUUSD;2361.13;0.01;2024.04.23 12:00:00;2302.91;-0.08;0.21;58.22
2024.04.22 08:39:52;Buy;0.01;USDJPY;154.735;0.01;2024.04.23 12:00:00;154.847;-0.08;0.08;0.72
2024.04.22 09:43:49;Sell;0.01;XAUUSD;2361.13;0.01;2024.04.23 04:53:14;2296.59;-0.08;0.21;64.54
2024.04.19 17:57:52;Buy;0.01;USDJPY;154.628;0.01;2024.04.22 21:00:01;154.816;-0.08;0.08;1.21
2024.04.19 23:37:07;Buy;0.01;USDJPY;154.658;0.01;2024.04.19 23:37:08;154.648;-0.08;;-0.06
2024.04.19 23:22:17;Buy;0.01;USDJPY;154.649;0.01;2024.04.19 23:22:18;154.648;-0.08;;-0.01
2024.04.19 04:12:58;Buy;0.01;XAUUSD;2390.92;0.01;2024.04.19 06:13:16;2390.67;-0.08;;-0.25
2024.04.19 04:38:40;Sell;0.01;USDJPY;154.081;0.01;2024.04.19 04:38:41;154.084;-0.08;;-0.02
2024.04.19 04:31:47;Buy;0.11;XAUJPY;370643;0.11;2024.04.19 04:31:49;370614;-0.78;;-2.07
2024.04.18 13:11:16;Buy;0.01;USDJPY;154.449;0.01;2024.04.18 17:10:52;154.468;-0.08;;0.12
2024.04.15 14:14:27;Buy;0.03;EURJPY;164.125;0.03;2024.04.17 12:00:02;164.454;-0.22;0.32;6.39
2024.04.15 15:45:47;Buy;0.01;GBPJPY;192.394;0.01;2024.04.17 10:00:02;192.68;-0.08;0.21;1.85
2024.04.15 03:11:39;Buy;0.02;USDJPY;153.348;0.02;2024.04.17 06:00:02;154.685;-0.14;0.32;17.29
2024.04.16 18:04:16;Buy;0.01;XAUUSD;2389.27;0.01;2024.04.16 20:21:08;2389.21;-0.08;;-0.06
2024.04.16 09:29:02;Buy;0.01;USDJPY;154.445;0.01;2024.04.16 10:01:25;154.464;-0.08;;0.12
2024.04.12 22:03:04;Buy;0.01;USDJPY;153.237;0.01;2024.04.16 09:32:22;154.582;-0.08;0.16;8.7
2024.04.11 17:26:39;Buy;0.02;USDJPY;153.253;0.02;2024.04.15 20:00:00;154.301;-0.14;0.32;13.58
2024.04.12 12:45:20;Sell;0.01;GBPJPY;191.471;0.01;2024.04.15 05:21:05;191.451;-0.08;-0.23;0.13
2024.04.12 13:21:46;Sell;0.01;GBPJPY;191.465;0.01;2024.04.15 05:21:02;191.446;-0.08;-0.23;0.12
2024.04.15 00:46:21;Sell;0.03;USDJPY;152.959;0.03;2024.04.15 02:30:01;153.269;-0.22;;-6.07
2024.04.12 10:03:05;Buy;0.01;USDJPY;153.328;0.01;2024.04.12 16:07:29;152.6;-0.08;;-4.77
2024.04.12 10:03:05;Buy;0.02;USDJPY;153.328;0.02;2024.04.12 16:07:07;152.665;-0.14;;-8.69
2024.04.12 07:37:37;Sell;0.02;EURJPY;164.117;0.02;2024.04.12 15:37:09;162.865;-0.14;;16.37
2024.04.11 15:15:33;Sell;0.01;EURJPY;164.108;0.01;2024.04.12 15:00:00;163.144;-0.08;-0.14;6.29
2024.04.11 14:57:02;Sell;0.02;EURJPY;164.186;0.02;2024.04.12 13:50:53;163.188;-0.14;-0.29;13.02
2024.04.12 06:50:49;Sell;0.02;EURJPY;164.186;0.02;2024.04.12 13:48:09;163.273;-0.14;;11.91
2024.04.11 20:24:30;Buy;0.01;XAUUSD;2356.37;0.01;2024.04.12 10:58:14;2400.23;-0.08;-0.33;43.86
2024.04.10 20:27:16;Buy;0.03;EURJPY;164.348;0.03;2024.04.12 09:39:01;163.907;-0.22;0.63;-8.63
2024.04.11 06:55:40;Buy;0.01;GBPJPY;191.859;0.01;2024.04.12 09:00:00;192.123;-0.08;0.11;1.72
2024.04.10 20:34:22;Buy;0.01;XAUJPY;358135;0.01;2024.04.12 07:00:00;365288;-0.08;-0.11;46.69
2024.04.12 00:07:51;Buy;0.03;EURJPY;164.425;0.03;2024.04.12 03:59:13;164.106;-0.22;;-6.25
2024.04.10 17:46:02;Buy;0.01;XAUJPY;359037;0.01;2024.04.12 03:30:01;363928;-0.08;-0.11;31.93
2024.04.11 16:35:59;Buy;0.01;XAUUSD;2346.18;0.01;2024.04.11 17:31:16;2334.23;-0.08;;-11.95
2024.04.10 15:30:23;Sell;0.01;EURJPY;164.58;0.01;2024.04.11 15:30:02;164.289;-0.08;-0.43;1.9
2024.04.10 15:45:37;Sell;0.01;GBPJPY;191.541;0.01;2024.04.11 11:04:04;192.439;-0.08;-0.7;-5.86
2024.04.10 15:30:05;Buy;0.02;USDJPY;151.982;0.02;2024.04.10 23:43:48;153.243;-0.14;;16.46
2024.04.09 10:00:19;Buy;0.02;USDJPY;151.925;0.02;2024.04.10 23:43:48;153.243;-0.14;0.16;17.2
2024.04.10 15:45:17;Sell;0.01;GBPJPY;192.078;0.01;2024.04.10 23:38:05;192.058;-0.08;;0.13
2024.04.10 11:17:09;Buy;0.01;GBPJPY;192.703;0.01;2024.04.10 19:30:35;191.51;-0.08;;-7.8
2024.04.10 11:19:11;Buy;0.02;USDJPY;151.862;0.02;2024.04.10 18:10:13;152.861;-0.14;;13.07
2024.04.10 01:03:20;Buy;0.02;USDJPY;151.794;0.02;2024.04.10 16:53:47;152.698;-0.14;;11.84
2024.04.09 10:00:07;Buy;0.02;USDJPY;151.922;0.02;2024.04.10 14:00:02;151.836;-0.14;0.16;-1.13
2024.04.08 18:33:03;Buy;0.01;GBPJPY;192.134;0.01;2024.04.10 14:00:02;192.809;-0.08;0.22;4.45
2024.04.09 20:43:30;Buy;0.01;XAUUSD;2348.22;0.01;2024.04.10 12:31:09;2348.08;-0.08;-0.33;-0.14
2024.04.09 10:50:25;Buy;0.01;GBPJPY;192.264;0.01;2024.04.10 09:30:03;192.491;-0.08;0.11;1.5
2024.04.05 16:50:56;Buy;0.01;XAUJPY;348948;0.01;2024.04.10 04:00:03;356818;-0.08;-0.09;51.87
2024.04.08 04:22:41;Buy;0.02;EURJPY;164.392;0.02;2024.04.10 02:00:13;164.789;-0.14;0.22;5.23
2024.04.09 19:10:28;Sell;0.03;USDJPY;151.718;0.03;2024.04.09 21:00:03;151.696;-0.22;;0.44
2024.04.05 16:11:08;Buy;0.03;USDJPY;151.751;0.03;2024.04.09 19:00:03;151.731;-0.22;0.5;-0.4
2024.04.09 16:34:17;Sell;0.03;USDJPY;151.718;0.03;2024.04.09 18:30:03;151.697;-0.22;;0.42
2024.04.08 04:22:41;Buy;0.02;USDJPY;151.811;0.02;2024.04.09 16:00:01;151.772;-0.14;0.16;-0.51
2024.04.09 10:13:14;Buy;0.01;XAUUSD;2348.28;0.01;2024.04.09 15:25:23;2348.48;-0.08;;0.2
2024.04.09 10:13:14;Buy;0.01;XAUUSD;2348.28;0.01;2024.04.09 15:25:23;2348.48;-0.08;;0.2
2024.04.08 05:14:08;Buy;0.01;GBPJPY;191.696;0.01;2024.04.09 08:00:01;192.243;-0.08;0.11;3.6
2024.04.08 03:21:44;Buy;0.01;USDJPY;151.753;0.01;2024.04.09 07:00:01;151.857;-0.08;0.08;0.68
2024.04.08 05:13:54;Buy;0.01;XAUUSD;2329.33;0.01;2024.04.08 15:22:16;2329.49;-0.08;;0.16
2024.04.08 05:13:54;Buy;0.01;XAUUSD;2329.33;0.01;2024.04.08 15:22:16;2329.49;-0.08;;0.16
2024.04.05 17:13:04;Buy;0.01;XAUUSD;2304.07;0.01;2024.04.08 01:19:04;2304.13;-0.08;-0.33;0.06
2024.04.05 17:13:04;Buy;0.01;XAUUSD;2304.07;0.01;2024.04.08 01:19:04;2304.13;-0.08;-0.33;0.06
2024.04.04 21:20:56;Buy;0.01;XAUUSD;2302.48;0.01;2024.04.05 18:00:00;2317.72;-0.08;-0.33;15.24
2024.04.05 15:30:01;Buy;0.02;EURJPY;164.075;0.02;2024.04.05 15:30:22;163.824;-0.14;;-3.31
2024.04.04 21:54:51;Sell;0.02;USDJPY;151.352;0.02;2024.04.05 10:30:12;151.333;-0.14;-0.34;0.25
2024.04.04 22:38:50;Sell;0.01;XAUUSD;2286.18;0.01;2024.04.05 10:28:30;2286.02;-0.08;0.21;0.16
2024.04.04 21:20:56;Buy;0.01;XAUUSD;2302.48;0.01;2024.04.04 22:02:13;2292.38;-0.08;;-10.1
2024.04.03 10:09:01;Buy;0.01;USDJPY;151.713;0.01;2024.04.04 21:55:19;151.173;-0.08;0.25;-3.57
2024.04.03 12:05:38;Buy;0.02;USDJPY;151.783;0.02;2024.04.04 21:54:54;151.332;-0.14;0.49;-5.96
2024.04.04 16:30:15;Sell;0.04;USDJPY;151.561;0.04;2024.04.04 18:30:00;151.678;-0.28;;-3.09
2024.04.03 12:07:06;Buy;0.02;USDJPY;151.802;0.02;2024.04.04 16:00:05;151.633;-0.14;0.49;-2.23
2024.04.03 18:28:29;Buy;0.01;XAUUSD;2286.9;0.01;2024.04.04 15:00:00;2289.6;-0.08;-0.99;2.7
2024.04.03 17:01:38;Buy;0.01;XAUUSD;2283.77;0.01;2024.04.04 14:00:00;2294.54;-0.08;-0.99;10.77
2024.04.03 10:02:36;Buy;0.02;USDJPY;151.705;0.02;2024.04.04 14:00:00;151.702;-0.14;0.49;-0.04
2024.04.03 06:23:41;Buy;0.02;GBPJPY;190.666;0.02;2024.04.03 20:53:38;191.891;-0.14;;16.15
2024.04.03 00:06:47;Buy;0.03;EURJPY;163.249;0.03;2024.04.03 17:57:56;164.31;-0.22;;20.97
2024.04.02 11:06:16;Buy;0.01;XAUUSD;2260.6;0.01;2024.04.03 08:00:00;2283.77;-0.08;-0.33;23.17
2024.04.02 04:52:19;Buy;0.02;USDJPY;151.777;0.02;2024.04.03 08:00:00;151.592;-0.14;0.16;-2.44
2024.03.28 13:22:22;Buy;0.01;XAUJPY;333747;0.01;2024.04.03 01:14:05;345629;-0.08;-0.12;78.41
2024.04.01 12:27:26;Buy;0.01;USDJPY;151.377;0.01;2024.04.03 00:40:00;151.535;-0.08;0.16;1.04
2024.04.01 12:16:01;Buy;0.01;USDJPY;151.377;0.01;2024.04.03 00:40:00;151.535;-0.08;0.16;1.04
2024.04.01 17:49:57;Sell;0.01;EURJPY;162.951;0.01;2024.04.02 17:30:00;163.267;-0.08;-0.14;-2.09
2024.04.02 11:04:07;Sell;0.01;EURJPY;162.732;0.01;2024.04.02 17:04:52;163.264;-0.08;;-3.51
2024.04.01 15:16:13;Buy;0.02;USDJPY;151.48;0.02;2024.04.02 17:01:27;151.499;-0.14;0.16;0.25
2024.04.01 18:20:13;Sell;0.01;GBPJPY;190.465;0.01;2024.04.02 16:00:00;190.473;-0.08;-0.24;-0.05
2024.04.02 12:30:45;Buy;0.01;XAUUSD;2264.52;0.01;2024.04.02 15:36:39;2253.45;-0.08;;-11.07
2024.04.01 17:19:51;Sell;0.01;GBPJPY;190.712;0.01;2024.04.02 14:57:50;190.691;-0.08;-0.24;0.14
2024.04.01 17:10:45;Sell;0.01;EURJPY;163.009;0.01;2024.04.02 13:58:08;162.989;-0.08;-0.14;0.13
2024.03.29 09:30:00;Buy;0.01;GBPJPY;191.167;0.01;2024.04.02 04:00:00;190.321;-0.08;0.22;-5.58
2024.03.29 18:30:04;Buy;0.01;GBPJPY;191.19;0.01;2024.04.01 17:30:00;190.749;-0.08;0.11;-2.91
2024.03.28 08:45:41;Buy;0.01;XAUJPY;332575;0.01;2024.04.01 04:01:31;341487;-0.08;-0.06;58.87
2024.03.28 16:20:03;Buy;0.01;USDJPY;151.344;0.01;2024.04.01 04:00:04;151.381;-0.08;0.16;0.24
2024.03.28 05:32:16;Buy;0.01;XAUUSD;2196.15;0.01;2024.04.01 02:30:04;2240.65;-0.08;-0.66;44.5
2024.03.29 02:44:24;Buy;0.01;GBPJPY;191.233;0.01;2024.04.01 01:30:04;191.127;-0.08;0.11;-0.7
2024.03.28 10:53:00;Sell;0.01;EURJPY;163.465;0.01;2024.03.29 10:30:04;163.121;-0.08;-0.14;2.27
2024.03.28 10:53:00;Sell;0.01;EURJPY;163.465;0.01;2024.03.29 10:00:04;163.139;-0.08;-0.14;2.15
2024.03.28 03:51:41;Buy;0.01;USDJPY;151.426;0.01;2024.03.29 07:00:04;151.29;-0.08;0.08;-0.9
2024.03.29 03:55:01;Sell;0.02;USDJPY;151.211;0.02;2024.03.29 05:30:04;151.286;-0.14;;-0.99
2024.03.28 04:00:21;Buy;0.01;GBPJPY;191.146;0.01;2024.03.29 03:00:04;191.114;-0.08;0.11;-0.21
2024.03.27 05:42:46;Buy;0.01;GBPJPY;191.481;0.01;2024.03.29 00:40:05;191.023;-0.08;0.43;-3.03
2024.03.28 08:43:10;Buy;0.01;XAUUSD;2197.85;0.01;2024.03.28 23:49:22;2235.76;-0.08;;37.91
2024.03.27 12:43:42;Buy;0.01;XAUJPY;330655;0.01;2024.03.28 21:30:05;336207;-0.08;-0.08;36.67
2024.03.26 18:52:29;Buy;0.01;USDJPY;151.523;0.01;2024.03.28 21:30:05;151.398;-0.08;0.33;-0.83
2024.03.27 19:00:45;Buy;0.01;EURJPY;163.686;0.01;2024.03.28 12:22:11;163.197;-0.08;0.16;-3.23
2024.03.27 12:01:55;Sell;0.01;EURJPY;163.987;0.01;2024.03.28 12:00:05;163.38;-0.08;-0.44;4.01
2024.03.27 04:20:17;Buy;0.01;USDJPY;151.606;0.01;2024.03.28 08:00:05;151.36;-0.08;0.25;-1.63
2024.03.26 18:53:24;Buy;0.01;USDJPY;151.545;0.01;2024.03.27 22:00:05;151.36;-0.08;0.08;-1.22
2024.03.26 12:13:49;Buy;0.01;XAUJPY;330191;0.01;2024.03.27 21:00:05;331382;-0.08;-0.03;7.87
2024.03.27 12:21:16;Sell;0.01;USDJPY;151.226;0.01;2024.03.27 14:00:05;151.203;-0.08;;0.15
2024.03.26 14:36:28;Buy;0.01;USDJPY;151.368;0.01;2024.03.27 12:02:03;151.364;-0.08;0.08;-0.03
2024.03.26 11:30:15;Buy;0.01;XAUUSD;2177.83;0.01;2024.03.26 18:03:32;2177.93;-0.08;;0.1
2024.03.26 11:30:15;Buy;0.01;XAUUSD;2177.83;0.01;2024.03.26 18:03:32;2177.93;-0.08;;0.1
2024.03.22 04:35:33;Buy;0.01;USDJPY;151.737;0.01;2024.03.26 07:30:05;151.356;-0.08;0.16;-2.52
2024.03.25 16:36:59;Buy;0.01;XAUUSD;2178.31;0.01;2024.03.26 04:42:33;2169.48;-0.08;-0.33;-8.83
2024.03.22 12:52:04;Buy;0.01;USDJPY;151.639;0.01;2024.03.26 00:40:00;151.41;-0.08;0.16;-1.51
2024.03.25 05:39:58;Buy;0.01;XAUUSD;2178.42;0.01;2024.03.25 07:36:38;2169.74;-0.08;;-8.68
2024.03.21 18:27:10;Buy;0.01;USDJPY;151.657;0.01;2024.03.25 06:00:03;151.136;-0.08;0.16;-3.45
2024.03.22 06:29:12;Sell;0.01;GBPJPY;191.475;0.01;2024.03.25 04:00:03;190.573;-0.08;-0.24;5.96
2024.03.21 11:01:43;Buy;0.01;GBPJPY;193.381;0.01;2024.03.22 05:27:04;191.731;-0.08;0.11;-10.88
2024.03.21 11:05:53;Buy;0.01;GBPJPY;193.448;0.01;2024.03.21 15:00:20;192.346;-0.08;;-7.29
2024.03.20 17:01:46;Buy;0.01;XAUUSD;2159.92;0.01;2024.03.21 01:16:12;2201.6;-0.08;-0.99;41.68
2024.03.19 06:09:50;Buy;0.01;GBPJPY;190.075;0.01;2024.03.20 23:06:09;193.342;-0.08;0.11;21.6
2024.03.20 15:43:05;Sell;0.01;XAUUSD;2150.63;0.01;2024.03.20 21:03:32;2170.15;-0.08;;-19.52
2024.03.18 03:41:01;Buy;0.01;USDJPY;149.148;0.01;2024.03.20 06:30:03;151.267;-0.08;0.16;14.01
2024.03.19 06:10:02;Buy;0.01;GBPJPY;190.084;0.01;2024.03.19 19:42:33;191.976;-0.08;;12.54
2024.03.19 03:30:22;Buy;0.01;USDJPY;149.191;0.01;2024.03.19 19:36:17;150.856;-0.08;;11.04
2024.03.19 11:21:29;Sell;0.01;XAUUSD;2147.39;0.01;2024.03.19 15:05:40;2157.01;-0.08;;-9.62
2024.03.15 10:50:25;Buy;0.01;USDJPY;148.524;0.01;2024.03.19 13:30:03;150.548;-0.08;0.16;13.44
2024.03.18 03:53:03;Buy;0.01;GBPJPY;189.992;0.01;2024.03.19 02:30:03;189.784;-0.08;0.11;-1.3900000000000001
2024.03.14 15:32:09;Buy;0.01;USDJPY;147.954;0.01;2024.03.18 18:30:03;149.204;-0.08;0.16;8.38
2024.03.15 15:43:46;Sell;0.01;XAUUSD;2158.63;0.01;2024.03.18 13:54:23;2158.44;-0.08;0.21;0.19
2024.03.15 16:30:10;Sell;0.01;XAUUSD;2157.4;0.01;2024.03.18 13:33:37;2157.25;-0.08;0.21;0.15
2024.03.15 04:20:05;Buy;0.01;XAUJPY;321411;0.01;2024.03.18 13:00:03;321612;-0.08;-0.03;1.35
2024.03.15 10:30:42;Buy;0.01;GBPJPY;189.145;0.01;2024.03.18 09:30:03;189.904;-0.08;0.11;5.09
2024.03.13 20:12:41;Buy;0.01;XAUJPY;321259;0.01;2024.03.18 08:00:03;320236;-0.08;-0.14;-6.86
2024.03.14 10:24:34;Buy;0.01;GBPJPY;189.376;0.01;2024.03.18 06:00:03;189.709;-0.08;0.22;2.24
2024.03.15 07:32:35;Sell;0.01;EURJPY;161.295;0.01;2024.03.15 16:35:47;162.17;-0.08;;-5.87
2024.03.14 05:38:44;Buy;0.01;USDJPY;147.816;0.01;2024.03.15 16:00:03;148.804;-0.08;0.08;6.64
2024.03.14 18:41:17;Sell;0.01;XAUUSD;2153.63;0.01;2024.03.15 16:00:02;2161.43;-0.08;0.21;-7.8
2024.03.13 12:27:14;Buy;0.01;USDJPY;147.915;0.01;2024.03.15 15:00:03;148.651;-0.08;0.33;4.95
2024.03.14 14:01:02;Sell;0.01;EURJPY;161.596;0.01;2024.03.15 14:00:03;162.038;-0.08;-0.15;-2.9699999999999998
2024.03.14 18:41:17;Sell;0.01;XAUUSD;2153.63;0.01;2024.03.15 04:18:49;2165.21;-0.08;0.21;-11.58
2024.03.13 20:13:45;Buy;0.01;XAUJPY;321279;0.01;2024.03.14 18:41:34;319322;-0.08;-0.08;-13.2
2024.03.14 16:21:33;Sell;0.01;USDJPY;147.519;0.01;2024.03.14 18:00:02;148.119;-0.08;;-4.05
2024.03.14 12:44:45;Buy;0.01;GBPJPY;189.524;0.01;2024.03.14 16:21:34;188.697;-0.08;;-5.61
2024.03.13 09:38:44;Buy;0.01;GBPJPY;188.949;0.01;2024.03.14 08:30:02;189.204;-0.08;0.33;1.72
2024.03.12 05:04:44;Buy;0.01;USDJPY;147.024;0.01;2024.03.14 08:00:02;147.926;-0.08;0.33;6.1
2024.03.11 10:20:08;Buy;0.01;XAUJPY;320383;0.01;2024.03.12 19:00:02;319477;-0.08;-0.03;-6.13
2024.03.11 10:38:44;Sell;0.01;EURJPY;160.657;0.01;2024.03.12 10:30:02;161.158;-0.08;-0.15;-3.4
2024.03.11 10:38:44;Sell;0.01;EURJPY;160.657;0.01;2024.03.12 10:00:03;161.237;-0.08;-0.15;-3.93
2024.03.11 11:50:03;Sell;0.01;GBPJPY;188.324;0.01;2024.03.12 08:37:09;189.116;-0.08;-0.24;-5.37
2024.03.11 11:54:02;Sell;0.01;GBPJPY;188.229;0.01;2024.03.12 08:00:02;188.952;-0.08;-0.24;-4.91
2024.03.08 15:32:12;Buy;0.01;XAUJPY;320368;0.01;2024.03.12 01:30:02;320969;-0.08;-0.06;4.09
2024.03.08 09:21:48;Buy;0.01;XAUJPY;319894;0.01;2024.03.11 18:00:02;320742;-0.08;-0.03;5.77
2024.03.08 11:16:28;Sell;0.01;USDJPY;147.517;0.01;2024.03.11 12:00:03;146.719;-0.08;-0.18;5.44
2024.03.08 11:47:00;Sell;0.01;EURJPY;160.664;0.01;2024.03.11 12:00:03;160.582;-0.08;-0.15;0.56
2024.03.08 11:47:00;Sell;0.01;EURJPY;160.665;0.01;2024.03.11 11:30:02;160.682;-0.08;-0.15;-0.12
2024.03.08 01:58:01;Buy;0.01;XAUUSD;2161.34;0.01;2024.03.08 15:30:04;2159.19;-0.08;;-2.15
2024.03.07 06:02:29;Buy;0.01;XAUJPY;320397;0.01;2024.03.08 15:00:03;318886;-0.08;-0.03;-10.26
2024.03.07 10:00:04;Sell;0.01;USDJPY;147.938;0.01;2024.03.08 10:00:03;147.892;-0.08;-0.18;0.31
2024.03.06 16:34:20;Buy;0.01;XAUJPY;320353;0.01;2024.03.08 02:30:03;319411;-0.08;-0.11;-6.38
2024.03.07 06:15:44;Sell;0.01;GBPJPY;189.143;0.01;2024.03.07 17:39:13;189.382;-0.08;;-1.6099999999999999
2024.03.07 06:20:49;Sell;0.01;GBPJPY;189.091;0.01;2024.03.07 16:49:09;189.073;-0.08;;0.12
2024.03.07 02:32:49;Sell;0.01;EURJPY;162.421;0.01;2024.03.07 09:46:11;161.283;-0.08;;7.6899999999999995
2024.03.06 09:07:25;Sell;0.01;USDJPY;149.702;0.01;2024.03.07 08:00:03;148.628;-0.08;-0.52;7.23
2024.03.05 22:26:16;Sell;0.01;EURJPY;162.64;0.01;2024.03.06 22:00:03;162.743;-0.08;-0.15;-0.69
2024.03.06 14:30:24;Buy;0.01;XAUUSD;2133.85;0.01;2024.03.06 17:04:50;2133.83;-0.08;;-0.02
2024.03.05 10:21:32;Buy;0.01;USDJPY;150.468;0.01;2024.03.06 09:07:28;149.657;-0.08;0.08;-5.42
2024.03.04 06:55:20;Buy;0.01;GBPJPY;190.271;0.01;2024.03.06 02:00:04;190.607;-0.08;0.22;2.24
2024.03.05 17:00:00;Sell;0.01;USDJPY;149.959;0.01;2024.03.05 19:00:03;150.131;-0.08;;-1.15
2024.03.04 15:21:42;Buy;0.01;USDJPY;150.566;0.01;2024.03.05 17:00:27;149.783;-0.08;0.08;-5.23
2024.03.04 06:55:40;Buy;0.01;GBPJPY;190.289;0.01;2024.03.05 05:30:03;190.919;-0.08;0.11;4.19
2024.03.01 04:02:17;Buy;0.01;GBPJPY;189.99;0.01;2024.03.04 03:00:03;189.951;-0.08;0.11;-0.26
2024.03.01 12:08:47;Buy;0.01;XAUUSD;2047.8;0.01;2024.03.01 16:45:04;2046.99;-0.08;;-0.81
2024.02.29 15:31:23;Buy;0.01;XAUUSD;2037.73;0.01;2024.03.01 12:30:03;2050.5;-0.08;-0.33;12.77
2024.02.29 15:31:23;Buy;0.01;XAUUSD;2037.73;0.01;2024.03.01 12:00:04;2046.34;-0.08;-0.33;8.61
2024.02.29 03:50:50;Sell;0.01;GBPJPY;190.272;0.01;2024.03.01 04:00:04;189.969;-0.08;-0.24;2.02
2024.02.29 09:00:14;Sell;0.01;GBPJPY;189.599;0.01;2024.03.01 03:03:41;189.844;-0.08;-0.24;-1.63
2024.02.29 06:21:08;Sell;0.01;USDJPY;149.713;0.01;2024.03.01 02:19:01;150.283;-0.08;-0.17;-3.79
2024.02.29 03:50:40;Sell;0.01;EURJPY;162.803;0.01;2024.02.29 17:25:42;161.93;-0.08;;5.85
2024.02.28 11:37:00;Sell;0.01;GBPJPY;190.425;0.01;2024.02.29 12:00:04;189.763;-0.08;-0.71;4.42
2024.02.28 11:37:38;Sell;0.01;GBPJPY;190.367;0.01;2024.02.29 08:00:04;189.885;-0.08;-0.71;3.22
2024.02.28 10:55:00;Sell;0.01;XAUUSD;2026.86;0.01;2024.02.29 08:00:03;2035.77;-0.08;0.62;-8.91
2024.02.29 04:01:12;Sell;0.02;USDJPY;150.167;0.02;2024.02.29 06:00:03;149.817;-0.14;;4.67
2024.02.28 15:31:45;Buy;0.01;XAUJPY;306390;0.01;2024.02.29 04:18:26;305405;-0.08;-0.08;-6.57
2024.02.28 09:25:15;Buy;0.01;USDJPY;150.711;0.01;2024.02.29 04:06:45;150.123;-0.08;0.25;-3.92
2024.02.28 17:00:01;Buy;0.01;USDJPY;150.819;0.01;2024.02.29 03:41:50;150.306;-0.08;0.25;-3.41
2024.02.28 08:52:53;Sell;0.01;XAUUSD;2028.71;0.01;2024.02.28 15:31:45;2034.36;-0.08;;-5.65
2024.02.26 12:00:42;Buy;0.01;GBPJPY;191.044;0.01;2024.02.28 08:00:04;190.653;-0.08;0.22;-2.6
2024.02.27 10:30:56;Buy;0.01;XAUUSD;2037.93;0.01;2024.02.28 08:00:03;2030.9;-0.08;-0.33;-7.03
2024.02.23 14:35:10;Buy;0.01;XAUJPY;305041;0.01;2024.02.28 02:00:03;305540;-0.08;-0.09;3.32
2024.02.27 09:38:47;Buy;0.01;XAUUSD;2036.25;0.01;2024.02.27 19:14:02;2031.17;-0.08;;-5.08
2024.02.26 10:50:11;Buy;0.01;USDJPY;150.545;0.01;2024.02.27 15:30:25;150.086;-0.08;0.08;-3.06
2024.02.27 09:55:14;Sell;0.02;USDJPY;150.334;0.02;2024.02.27 11:30:03;150.214;-0.14;;1.6
2024.02.26 12:09:09;Buy;0.01;GBPJPY;191.092;0.01;2024.02.27 10:54:10;190.556;-0.08;0.11;-3.57
2024.02.23 08:01:22;Buy;0.01;USDJPY;150.634;0.01;2024.02.27 10:48:14;150.12;-0.08;0.16;-3.42
2024.02.26 13:56:26;Buy;0.01;USDJPY;150.695;0.01;2024.02.27 10:43:27;150.152;-0.08;0.08;-3.62
2024.02.23 13:01:22;Buy;0.01;XAUJPY;304999;0.01;2024.02.26 22:00:03;306015;-0.08;-0.03;6.74
2024.02.22 15:18:50;Buy;0.01;USDJPY;150.437;0.01;2024.02.26 18:00:03;150.746;-0.08;0.16;2.05
2024.02.23 14:35:16;Buy;0.01;XAUUSD;2026.88;0.01;2024.02.26 11:30:03;2033.1;-0.08;-0.33;6.22
2024.02.23 18:24:49;Sell;0.01;EURJPY;162.705;0.01;2024.02.26 11:20:22;163.247;-0.08;-0.15;-3.6
2024.02.23 18:24:49;Sell;0.01;EURJPY;162.705;0.01;2024.02.26 11:16:30;163.206;-0.08;-0.15;-3.33
2024.02.23 06:39:50;Buy;0.01;GBPJPY;190.627;0.01;2024.02.26 05:30:03;190.483;-0.08;0.11;-0.96
2024.02.26 00:02:12;Sell;0.02;USDJPY;150.297;0.02;2024.02.26 02:00:03;150.491;-0.14;;-2.58
2024.02.21 18:17:56;Buy;0.01;GBPJPY;189.639;0.01;2024.02.23 14:00:03;191.035;-0.08;0.43;9.27
2024.02.22 15:30:03;Sell;0.01;XAUUSD;2024.25;0.01;2024.02.23 13:56:11;2024.06;-0.08;0.21;0.19
2024.02.22 16:43:11;Sell;0.01;XAUUSD;2021.95;0.01;2024.02.23 12:45:36;2021.79;-0.08;0.21;0.16
2024.02.22 02:36:25;Buy;0.01;XAUJPY;304821;0.01;2024.02.23 11:30:04;304162;-0.08;-0.03;-4.37
2024.02.21 08:47:07;Buy;0.01;USDJPY;150.072;0.01;2024.02.23 11:30:04;150.759;-0.08;0.33;4.5600000000000005
2024.02.22 09:33:56;Buy;0.01;XAUUSD;2030.99;0.01;2024.02.23 06:00:13;2025.76;-0.08;-0.33;-5.23
2024.02.21 19:15:05;Buy;0.01;USDJPY;150.339;0.01;2024.02.23 06:00:03;150.484;-0.08;0.33;0.96
2024.02.21 11:27:11;Buy;0.01;XAUJPY;304542;0.01;2024.02.22 20:00:03;304705;-0.08;-0.08;1.08
2024.02.22 09:38:10;Buy;0.01;XAUUSD;2031.02;0.01;2024.02.22 15:20:38;2025.45;-0.08;;-5.57
2024.02.21 10:09:22;Buy;0.01;GBPJPY;189.666;0.01;2024.02.22 09:00:03;190.018;-0.08;0.32;2.34
2024.02.20 11:17:01;Buy;0.01;GBPJPY;189.394;0.01;2024.02.22 06:00:03;190.097;-0.08;0.43;4.67
2024.02.20 22:27:36;Buy;0.01;GBPJPY;189.401;0.01;2024.02.21 21:00:03;189.709;-0.08;0.11;2.05
2024.02.21 11:03:15;Sell;0.01;EURJPY;162.055;0.01;2024.02.21 18:34:03;162.546;-0.08;;-3.27
2024.02.20 07:33:18;Buy;0.01;USDJPY;150.432;0.01;2024.02.21 18:00:04;150.251;-0.08;0.08;-1.2
2024.02.19 04:37:10;Buy;0.01;XAUJPY;303137;0.01;2024.02.21 18:00:04;304243;-0.08;-0.06;7.36
2024.02.21 05:27:22;Buy;0.01;XAUUSD;2030.15;0.01;2024.02.21 17:58:50;2024.36;-0.08;;-5.79
2024.02.20 04:09:20;Buy;0.01;XAUJPY;303297;0.01;2024.02.21 13:00:03;304628;-0.08;-0.03;8.87
2024.02.20 08:54:30;Buy;0.01;XAUUSD;2020.96;0.01;2024.02.21 06:00:03;2030.57;-0.08;-0.33;9.61
2024.02.20 09:22:10;Buy;0.01;XAUUSD;2022.35;0.01;2024.02.21 06:00:03;2030.57;-0.08;-0.33;8.22
2024.02.20 16:19:07;Sell;0.01;USDJPY;149.91;0.01;2024.02.20 18:00:03;149.794;-0.08;;0.77
2024.02.16 03:08:06;Buy;0.01;USDJPY;150.242;0.01;2024.02.20 06:00:03;150.322;-0.08;0.16;0.53
2024.02.16 17:36:28;Buy;0.01;XAUUSD;2007.41;0.01;2024.02.19 14:30:03;2018.52;-0.08;-0.33;11.11
2024.02.16 17:36:28;Buy;0.01;XAUUSD;2007.39;0.01;2024.02.19 14:00:04;2018.54;-0.08;-0.33;11.15
2024.02.15 15:30:08;Buy;0.01;XAUJPY;300269;0.01;2024.02.19 01:30:03;302046;-0.08;-0.06;11.84
2024.02.15 09:00:01;Sell;0.01;GBPJPY;188.428;0.01;2024.02.16 06:00:03;189.117;-0.08;-0.24;-4.58
2024.02.15 03:55:27;Sell;0.01;EURJPY;161.09;0.01;2024.02.16 02:00:03;161.54;-0.08;-0.15;-3
2024.02.13 15:30:03;Buy;0.01;USDJPY;149.936;0.01;2024.02.15 11:40:39;149.955;-0.08;0.33;0.13
2024.02.13 05:06:24;Buy;0.01;USDJPY;149.492;0.01;2024.02.15 08:00:03;150.187;-0.08;0.33;4.63
2024.02.14 19:38:21;Sell;0.01;USDJPY;150.428;0.01;2024.02.14 21:30:03;150.524;-0.08;;-0.64
2024.02.13 07:08:28;Buy;0.01;GBPJPY;188.654;0.01;2024.02.14 06:00:03;189.643;-0.08;0.11;6.57
2024.02.13 02:30:06;Buy;0.01;GBPJPY;188.558;0.01;2024.02.14 01:30:03;189.692;-0.08;0.11;7.53
2024.02.12 17:02:10;Buy;0.01;USDJPY;149.353;0.01;2024.02.13 21:10:07;150.849;-0.08;0.08;9.92
2024.02.12 17:43:01;Buy;0.01;GBPJPY;188.561;0.01;2024.02.13 16:30:02;189.525;-0.08;0.11;6.41
2024.02.13 07:29:28;Buy;0.01;XAUUSD;2020.34;0.01;2024.02.13 15:30:22;2020.4;-0.08;;0.06
2024.02.12 16:21:04;Sell;0.01;XAUUSD;2015.66;0.01;2024.02.13 13:30:02;2028.97;-0.08;0.21;-13.31
2024.02.09 16:43:39;Buy;0.01;GBPJPY;188.722;0.01;2024.02.13 12:00:02;189.306;-0.08;0.22;3.9
2024.02.12 16:21:04;Sell;0.01;XAUUSD;2015.66;0.01;2024.02.13 09:05:46;2024.65;-0.08;0.21;-8.99
2024.02.12 15:14:03;Buy;0.01;XAUUSD;2026.66;0.01;2024.02.12 15:50:26;2019.61;-0.08;;-7.05
2024.02.09 17:30:05;Buy;0.01;GBPJPY;188.725;0.01;2024.02.12 14:08:11;187.915;-0.08;0.11;-5.44
2024.02.08 10:09:38;Buy;0.01;USDJPY;148.76;0.01;2024.02.09 22:00:03;149.356;-0.08;0.08;3.99
2024.02.09 15:32:51;Buy;0.01;XAUUSD;2034.64;0.01;2024.02.09 15:42:27;2027.48;-0.08;;-7.16
2024.01.31 16:46:21;Sell;0.01;EURJPY;159.696;0.01;2024.01.31 19:58:08;158.795;-0.08;;6.16
2024.01.31 16:50:11;Sell;0.01;GBPJPY;186.842;0.01;2024.01.31 16:50:11;186.853;-0.08;;-0.08
2024.01.31 16:47:03;Sell;0.01;USDJPY;146.768;0.01;2024.01.31 16:47:03;146.768;-0.08;;0
2024.01.31 08:19:23;Buy;0.01;USDJPY;147.853;0.01;2024.01.31 08:19:24;147.852;-0.08;;-0.01
2024.01.31 02:05:53;Sell;0.01;USDJPY;147.195;0.01;2024.01.31 02:05:54;147.196;-0.08;;-0.01
2024.01.30 02:46:51;Sell;0.01;USDJPY;147.195;0.01;2024.01.30 02:46:52;147.196;-0.08;;-0.01
2024.01.29 15:46:01;Buy;0.01;XAUJPY;301187;0.01;2024.01.29 15:46:01;301153;-0.08;;-0.23
2024.01.26 16:51:09;Buy;0.01;USDJPY;147.937;0.01;2024.01.26 16:51:10;147.938;-0.08;;0.01
2024.01.25 15:55:32;Sell;0.01;EURJPY;160.181;0.01;2024.01.26 14:00:00;160.636;-0.08;-0.15;-3.08
2024.01.25 15:30:03;Buy;0.01;USDJPY;147.91;0.01;2024.01.25 15:30:04;147.907;-0.08;;-0.02
2024.01.25 15:30:03;Buy;0.01;USDJPY;147.91;0.01;2024.01.25 15:30:04;147.907;-0.08;;-0.02
2024.01.24 12:07:59;Sell;0.01;EURJPY;160.814;0.01;2024.01.25 12:00:04;160.877;-0.08;-0.45;-0.43
2024.01.24 15:04:17;Sell;0.01;USDJPY;147.125;0.01;2024.01.24 15:04:17;147.125;-0.08;;0
2024.01.24 14:34:47;Sell;0.01;GBPJPY;187.532;0.01;2024.01.24 14:34:47;187.54;-0.08;;-0.05
2024.01.24 10:20:07;Sell;0.01;USDJPY;147.585;0.01;2024.01.24 10:20:07;147.588;-0.08;;-0.02
2024.01.23 08:47:45;Sell;0.01;EURJPY;160.823;0.01;2024.01.24 08:00:03;160.629;-0.08;-0.15;1.31
2024.01.23 16:53:06;Buy;0.01;USDJPY;148.37;0.01;2024.01.23 16:53:07;148.368;-0.08;;-0.01
2024.01.23 13:27:22;Buy;0.01;USDJPY;148.148;0.01;2024.01.23 13:27:23;148.161;-0.08;;0.09
2024.01.23 08:55:54;Sell;0.01;GBPJPY;187.555;0.01;2024.01.23 08:55:54;187.566;-0.08;;-0.07
2024.01.23 08:40:05;Sell;0.01;USDJPY;147.674;0.01;2024.01.23 08:40:05;147.698;-0.08;;-0.16
2024.01.19 03:19:08;Buy;0.01;USDJPY;148.248;0.01;2024.01.23 05:37:05;148.265;-0.08;0.16;0.11
2024.01.23 04:21:00;Buy;0.01;USDJPY;148.243;0.01;2024.01.23 04:21:00;148.241;-0.08;;-0.01
2024.01.19 17:14:10;Buy;0.01;USDJPY;148.528;0.01;2024.01.23 04:00:01;148.105;-0.08;0.16;-2.86
2024.01.19 03:26:23;Buy;0.01;USDJPY;148.324;0.01;2024.01.22 14:00:01;147.889;-0.08;0.08;-2.94
2024.01.18 22:30:21;Buy;0.01;XAUJPY;299709;0.01;2024.01.22 05:20:07;299725;-0.08;-0.06;0.11
2024.01.18 18:45:39;Buy;0.01;GBPJPY;187.976;0.01;2024.01.22 03:13:06;187.99;-0.08;0.22;0.09
2024.01.17 14:54:11;Buy;0.01;XAUJPY;299623;0.01;2024.01.22 02:00:00;300304;-0.08;-0.14;4.6
2024.01.18 19:17:23;Buy;0.01;GBPJPY;187.997;0.01;2024.01.19 18:00:03;187.801;-0.08;0.11;-1.32
2024.01.16 14:18:38;Buy;0.01;GBPJPY;185.6;0.01;2024.01.18 10:00:01;187.63;-0.08;0.44;13.74
2024.01.17 16:55:52;Sell;0.01;XAUUSD;2013.3;0.01;2024.01.18 08:58:39;2013.12;-0.08;0.62;0.18
2024.01.17 16:55:52;Sell;0.01;XAUUSD;2013.3;0.01;2024.01.18 08:58:39;2013.12;-0.08;0.62;0.18
2024.01.17 14:58:29;Buy;0.01;XAUJPY;299692;0.01;2024.01.17 17:14:40;298133;-0.08;;-10.52
2024.01.16 03:06:44;Buy;0.01;USDJPY;146.098;0.01;2024.01.17 14:00:00;147.676;-0.08;0.08;10.69
2024.01.15 09:07:41;Buy;0.01;USDJPY;145.405;0.01;2024.01.17 12:00:00;147.727;-0.08;0.17;15.72
2024.01.16 15:30:28;Sell;0.01;EURJPY;159.431;0.01;2024.01.17 02:16:42;160.359;-0.08;-0.15;-6.29
2024.01.12 12:54:08;Buy;0.01;XAUJPY;296798;0.01;2024.01.17 02:00:00;298609;-0.08;-0.09;12.3
2024.01.11 15:30:09;Buy;0.01;GBPJPY;185.764;0.01;2024.01.15 10:00:03;185.362;-0.08;0.22;-2.76
2024.01.12 07:57:49;Buy;0.01;XAUUSD;2037.23;0.01;2024.01.15 04:30:03;2054.45;-0.08;-0.33;17.22
2024.01.12 20:22:00;Sell;0.01;USDJPY;144.9;0.01;2024.01.12 22:00:01;144.871;-0.08;;0.2
2024.01.11 22:14:48;Sell;0.01;EURJPY;159.502;0.01;2024.01.12 22:00:01;158.724;-0.08;-0.15;5.37
2024.01.11 15:30:07;Buy;0.01;USDJPY;145.85;0.01;2024.01.12 16:37:24;144.451;-0.08;0.09;-9.68
2024.01.12 05:06:57;Sell;0.01;GBPJPY;185.268;0.01;2024.01.12 15:19:44;185.248;-0.08;;0.14
2024.01.11 20:07:36;Buy;0.01;GBPJPY;185.766;0.01;2024.01.12 14:01:12;184.779;-0.08;0.11;-6.8
2024.01.11 16:35:28;Buy;0.01;XAUUSD;2034.34;0.01;2024.01.12 14:00:01;2045.58;-0.08;-0.33;11.24
2024.01.11 09:27:02;Buy;0.01;XAUUSD;2035.71;0.01;2024.01.12 06:00:00;2033.96;-0.08;-0.33;-1.75
2024.01.10 02:39:59;Buy;0.01;USDJPY;144.654;0.01;2024.01.12 05:30:00;144.978;-0.08;0.35;2.23
2024.01.11 23:28:34;Sell;0.01;USDJPY;145.295;0.01;2024.01.12 01:00:00;145.371;-0.08;-0.18;-0.52
2024.01.10 15:00:18;Buy;0.01;USDJPY;145.306;0.01;2024.01.11 23:27:10;145.326;-0.08;0.26;0.14
2024.01.10 02:39:56;Buy;0.01;GBPJPY;183.873;0.01;2024.01.11 22:00:00;185.673;-0.08;0.33;12.37
2024.01.11 18:23:19;Sell;0.01;XAUUSD;2022.45;0.01;2024.01.11 21:27:47;2022.29;-0.08;;0.16
2024.01.11 18:23:22;Sell;0.01;XAUUSD;2021.76;0.01;2024.01.11 21:15:17;2021.6;-0.08;;0.16
2024.01.11 15:30:03;Buy;0.01;XAUJPY;296833;0.01;2024.01.11 20:53:10;293851;-0.08;;-20.45
2024.01.11 15:23:58;Buy;0.01;XAUUSD;2037.31;0.01;2024.01.11 15:31:07;2027.79;-0.08;;-9.52
2024.01.10 12:04:49;Buy;0.01;XAUUSD;2039.75;0.01;2024.01.11 10:00:05;2033.94;-0.08;-0.99;-5.8100000000000005
2024.01.09 19:04:59;Buy;0.01;GBPJPY;183.64;0.01;2024.01.10 18:00:04;185.459;-0.08;0.11;12.49
2024.01.09 08:42:22;Buy;0.01;XAUJPY;292935;0.01;2024.01.10 17:30:04;295073;-0.08;-0.03;14.68
2024.01.10 10:02:12;Buy;0.01;XAUUSD;2031.89;0.01;2024.01.10 17:04:16;2025.19;-0.08;;-6.7
2024.01.09 15:53:08;Sell;0.01;GBPJPY;182.992;0.01;2024.01.10 13:08:20;184.537;-0.08;-0.25;-10.66
2024.01.08 01:14:49;Buy;0.01;GBPJPY;184.167;0.01;2024.01.09 20:00:03;183.535;-0.08;0.11;-4.38
2024.01.08 05:41:49;Sell;0.01;XAUUSD;2037.69;0.01;2024.01.09 03:00:02;2034.63;-0.08;0.21;3.06
2024.01.08 22:38:10;Sell;0.01;USDJPY;144.165;0.01;2024.01.09 00:40:07;144.249;-0.08;-0.18;-0.58
2024.01.08 05:41:43;Sell;0.01;XAUUSD;2038.77;0.01;2024.01.08 18:00:31;2034.99;-0.08;;3.7800000000000002
2024.01.05 20:43:36;Buy;0.01;XAUUSD;2046.21;0.01;2024.01.08 13:18:41;2018.44;-0.08;-0.33;-27.77
2024.01.04 07:00:53;Buy;0.01;USDJPY;143.627;0.01;2024.01.08 10:00:01;144.408;-0.08;0.18;5.41
2024.01.05 16:28:04;Buy;0.01;XAUUSD;2047.59;0.01;2024.01.05 18:53:46;2047.7;-0.08;;0.11
2024.01.05 03:15:37;Buy;0.01;XAUUSD;2048.03;0.01;2024.01.05 18:48:06;2048.1;-0.08;;0.07
2024.01.05 15:30:33;Sell;0.01;XAUUSD;2029.7;0.01;2024.01.05 17:00:42;2054.7;-0.08;;-25
2024.01.04 07:35:09;Buy;0.01;XAUJPY;293894;0.01;2024.01.05 16:30:02;296979;-0.08;-0.03;21.27
2024.01.05 15:30:33;Sell;0.01;XAUUSD;2029.7;0.01;2024.01.05 16:00:48;2042.3;-0.08;;-12.6
2024.01.03 10:17:31;Buy;0.01;GBPJPY;180.225;0.01;2024.01.05 06:00:02;183.772;-0.08;0.45;24.48
2024.01.04 05:49:53;Buy;0.01;GBPJPY;181.669;0.01;2024.01.05 04:30:02;183.657;-0.08;0.11;13.74
2024.01.05 04:26:55;Balance;;;;;;;;;488.52
2024.01.02 14:15:16;Buy;0.01;USDJPY;141.91;0.01;2024.01.04 15:44:59;144.518;-0.08;0.35;18.05
2024.01.03 13:50:46;Buy;0.01;GBPJPY;180.477;0.01;2024.01.04 11:40:46;182.842;-0.08;0.34;16.45
2024.01.02 10:04:09;Buy;0.01;GBPJPY;180.427;0.01;2024.01.04 06:00:01;181.665;-0.08;0.45;8.64
2024.01.02 22:33:48;Sell;0.01;XAUUSD;2059.19;0.01;2024.01.04 02:00:00;2043.07;-0.08;0.83;16.12
2024.01.02 13:31:29;Buy;0.01;USDJPY;141.783;0.01;2024.01.04 00:40:00;143.16;-0.08;0.35;9.62
2024.01.02 22:33:48;Sell;0.01;XAUUSD;2059.19;0.01;2024.01.03 20:00:00;2033.43;-0.08;0.21;25.76
2023.12.29 11:15:08;Buy;0.01;USDJPY;141.649;0.01;2024.01.03 14:00:00;142.934;-0.08;0.27;8.99
2024.01.02 13:47:17;Sell;0.01;EURJPY;155.573;0.01;2024.01.03 13:30:00;155.97;-0.08;-0.15;-2.7800000000000002
2024.01.02 16:15:49;Sell;0.01;GBPJPY;179.255;0.01;2024.01.02 18:02:54;179.235;-0.08;;0.14
2023.12.29 17:55:21;Sell;0.01;EURJPY;156.048;0.01;2024.01.02 17:30:04;155.309;-0.08;-0.32;5.21
2024.01.02 10:45:19;Buy;0.01;GBPJPY;180.44;0.01;2024.01.02 15:23:59;179.406;-0.08;;-7.28
2024.01.02 07:47:02;Buy;0.01;XAUUSD;2073.22;0.01;2024.01.02 14:03:22;2068.16;-0.08;;-5.06
2023.12.29 14:56:52;Sell;0.01;EURJPY;156.387;0.01;2024.01.02 14:00:04;155.584;-0.08;-0.32;5.66
2024.01.02 00:01:02;Sell;0.01;GBPJPY;179.136;0.01;2024.01.02 10:45:20;180.468;-0.08;;-9.41
2023.12.29 09:19:09;Sell;0.01;EURJPY;156.283;0.01;2024.01.02 08:00:03;155.963;-0.08;-0.32;2.26
2024.01.02 02:48:52;Sell;0.01;USDJPY;141.226;0.01;2024.01.02 04:30:03;141.394;-0.08;;-1.19
2023.12.27 11:07:06;Balance;;;;;;;;;488.64
